bearing_id,t,state
1,0,H
1,1,H
1,2,H
1,3,H
1,4,H
1,5,H
1,6,H
1,7,O_1
1,8,O_1
1,9,O_1
1,10,O_1
1,11,O_1
1,12,O_1
1,13,O_1
1,14,O_1
1,15,O_1
1,16,O_1
1,17,O_1
1,18,O_1
1,19,O_1
1,20,O_1
1,21,O_1
1,22,O_1
1,23,O_1
1,24,O_1
1,25,O_2
1,26,O_2
1,27,O_2
1,28,O_2
1,29,O_2
1,30,O_2
1,31,O_2
1,32,O_2
1,33,O_2
1,34,F
2,0,H
2,1,H
2,2,H
2,3,H
2,4,H
2,5,H
2,6,H
2,7,H
2,8,H
2,9,H
2,10,H
2,11,H
2,12,H
2,13,H
2,14,H
2,15,H
2,16,H
2,17,H
2,18,H
2,19,H
2,20,O_1
2,21,O_1
2,22,O_1
2,23,O_1
2,24,O_1
2,25,O_1
2,26,O_1
2,27,O_2
2,28,O_2
2,29,O_2
2,30,O_2
2,31,O_2
2,32,O_2
2,33,O_2
2,34,O_2
2,35,O_2
2,36,O_2
2,37,O_2
2,38,F
3,0,H
3,1,H
3,2,H
3,3,H
3,4,H
3,5,O_1
3,6,O_1
3,7,O_1
3,8,O_1
3,9,O_1
3,10,O_1
3,11,O_1
3,12,O_1
3,13,O_1
3,14,O_1
3,15,O_2
3,16,O_2
3,17,O_2
3,18,O_2
3,19,O_2
3,20,O_2
3,21,O_2
3,22,O_2
3,23,O_2
3,24,O_2
3,25,F
4,0,H
4,1,H
4,2,I_1
4,3,I_2
4,4,I_2
4,5,I_2
4,6,I_2
4,7,I_2
4,8,I_2
4,9,I_2
4,10,I_2
4,11,I_2
4,12,I_2
4,13,F
5,0,H
5,1,H
5,2,H
5,3,H
5,4,H
5,5,O_1
5,6,O_1
5,7,O_1
5,8,O_1
5,9,O_1
5,10,O_1
5,11,O_1
5,12,O_1
5,13,O_1
5,14,O_1
5,15,O_1
5,16,O_1
5,17,O_1
5,18,O_2
5,19,O_2
5,20,O_2
5,21,O_2
5,22,O_2
5,23,O_2
5,24,F
6,0,H
6,1,H
6,2,H
6,3,H
6,4,H
6,5,H
6,6,H
6,7,H
6,8,H
6,9,H
6,10,H
6,11,H
6,12,H
6,13,H
6,14,H
6,15,H
6,16,H
6,17,B_1
6,18,B_2
6,19,B_2
6,20,B_2
6,21,B_2
6,22,B_2
6,23,B_2
6,24,F
7,0,H
7,1,H
7,2,H
7,3,H
7,4,H
7,5,H
7,6,O_1
7,7,O_1
7,8,O_1
7,9,O_1
7,10,O_1
7,11,O_1
7,12,O_1
7,13,O_2
7,14,O_2
7,15,O_2
7,16,O_2
7,17,O_2
7,18,O_2
7,19,O_2
7,20,O_2
7,21,O_2
7,22,O_2
7,23,O_2
7,24,O_2
7,25,F
8,0,H
8,1,H
8,2,H
8,3,H
8,4,H
8,5,H
8,6,H
8,7,H
8,8,H
8,9,H
8,10,H
8,11,O_1
8,12,O_1
8,13,O_1
8,14,O_1
8,15,O_1
8,16,O_2
8,17,O_2
8,18,F
9,0,H
9,1,O_1
9,2,O_1
9,3,O_1
9,4,O_1
9,5,O_1
9,6,O_1
9,7,O_1
9,8,O_1
9,9,O_2
9,10,O_2
9,11,O_2
9,12,O_2
9,13,O_2
9,14,F
10,0,H
10,1,B_1
10,2,B_1
10,3,B_2
10,4,B_2
10,5,B_2
10,6,F
11,0,H
11,1,H
11,2,H
11,3,H
11,4,H
11,5,H
11,6,H
11,7,H
11,8,H
11,9,I_1
11,10,I_1
11,11,I_1
11,12,I_1
11,13,I_1
11,14,I_1
11,15,I_1
11,16,I_2
11,17,I_2
11,18,I_2
11,19,I_2
11,20,I_2
11,21,I_2
11,22,I_2
11,23,F
12,0,H
12,1,H
12,2,H
12,3,H
12,4,H
12,5,H
12,6,H
12,7,H
12,8,H
12,9,H
12,10,H
12,11,B_1
12,12,B_2
12,13,B_2
12,14,B_2
12,15,B_2
12,16,F
13,0,H
13,1,H
13,2,H
13,3,H
13,4,H
13,5,H
13,6,H
13,7,H
13,8,B_1
13,9,B_2
13,10,B_2
13,11,F
14,0,H
14,1,H
14,2,H
14,3,O_1
14,4,O_1
14,5,O_1
14,6,O_1
14,7,O_1
14,8,O_1
14,9,O_1
14,10,O_1
14,11,O_1
14,12,O_1
14,13,O_1
14,14,O_1
14,15,O_2
14,16,O_2
14,17,O_2
14,18,O_2
14,19,O_2
14,20,O_2
14,21,O_2
14,22,O_2
14,23,O_2
14,24,O_2
14,25,O_2
14,26,O_2
14,27,O_2
14,28,O_2
14,29,O_2
14,30,F
15,0,H
15,1,H
15,2,H
15,3,H
15,4,H
15,5,H
15,6,H
15,7,O_1
15,8,O_1
15,9,O_1
15,10,O_1
15,11,O_1
15,12,O_1
15,13,O_1
15,14,O_1
15,15,O_1
15,16,O_1
15,17,O_1
15,18,O_1
15,19,O_2
15,20,O_2
15,21,F
16,0,H
16,1,H
16,2,H
16,3,H
16,4,H
16,5,H
16,6,O_1
16,7,O_1
16,8,O_1
16,9,O_1
16,10,O_1
16,11,O_1
16,12,O_1
16,13,O_1
16,14,O_1
16,15,O_1
16,16,O_1
16,17,O_1
16,18,O_1
16,19,O_1
16,20,O_1
16,21,O_1
16,22,O_1
16,23,O_1
16,24,O_1
16,25,O_2
16,26,O_2
16,27,O_2
16,28,O_2
16,29,F
17,0,H
17,1,H
17,2,O_1
17,3,O_1
17,4,O_2
17,5,O_2
17,6,F
18,0,H
18,1,H
18,2,H
18,3,H
18,4,H
18,5,H
18,6,H
18,7,H
18,8,H
18,9,H
18,10,H
18,11,H
18,12,H
18,13,O_1
18,14,O_1
18,15,O_1
18,16,O_1
18,17,O_1
18,18,O_1
18,19,O_1
18,20,O_1
18,21,O_1
18,22,O_1
18,23,O_1
18,24,O_1
18,25,O_1
18,26,O_1
18,27,O_1
18,28,O_1
18,29,O_1
18,30,O_1
18,31,O_1
18,32,O_2
18,33,O_2
18,34,F
19,0,H
19,1,H
19,2,H
19,3,H
19,4,H
19,5,H
19,6,H
19,7,H
19,8,H
19,9,H
19,10,H
19,11,H
19,12,H
19,13,O_1
19,14,O_1
19,15,O_1
19,16,O_1
19,17,O_1
19,18,O_1
19,19,O_1
19,20,O_1
19,21,O_1
19,22,O_1
19,23,O_1
19,24,O_1
19,25,O_1
19,26,O_1
19,27,O_1
19,28,O_1
19,29,O_1
19,30,O_1
19,31,O_1
19,32,O_1
19,33,O_1
19,34,O_1
19,35,O_1
19,36,O_1
19,37,O_1
19,38,O_1
19,39,O_1
19,40,O_1
19,41,O_1
19,42,O_1
19,43,O_2
19,44,O_2
19,45,O_2
19,46,O_2
19,47,O_2
19,48,O_2
19,49,O_2
19,50,O_2
19,51,F
20,0,H
20,1,H
20,2,I_1
20,3,I_2
20,4,I_2
20,5,I_2
20,6,I_2
20,7,F
21,0,H
21,1,H
21,2,O_1
21,3,O_1
21,4,O_1
21,5,O_1
21,6,O_1
21,7,O_1
21,8,O_1
21,9,O_1
21,10,O_1
21,11,O_1
21,12,O_1
21,13,O_1
21,14,O_1
21,15,O_1
21,16,O_1
21,17,O_1
21,18,O_1
21,19,O_1
21,20,O_1
21,21,O_1
21,22,O_1
21,23,O_1
21,24,O_1
21,25,O_1
21,26,O_1
21,27,O_2
21,28,O_2
21,29,O_2
21,30,O_2
21,31,O_2
21,32,O_2
21,33,O_2
21,34,O_2
21,35,O_2
21,36,O_2
21,37,F
22,0,H
22,1,H
22,2,H
22,3,H
22,4,H
22,5,H
22,6,H
22,7,H
22,8,H
22,9,H
22,10,H
22,11,H
22,12,H
22,13,H
22,14,H
22,15,H
22,16,H
22,17,H
22,18,H
22,19,H
22,20,H
22,21,H
22,22,H
22,23,H
22,24,H
22,25,H
22,26,H
22,27,H
22,28,H
22,29,H
22,30,H
22,31,H
22,32,H
22,33,H
22,34,H
22,35,B_1
22,36,B_1
22,37,B_2
22,38,F
23,0,H
23,1,H
23,2,H
23,3,O_1
23,4,O_1
23,5,O_1
23,6,O_1
23,7,O_1
23,8,O_1
23,9,O_1
23,10,O_1
23,11,O_1
23,12,O_1
23,13,O_1
23,14,O_1
23,15,O_1
23,16,O_1
23,17,O_1
23,18,O_2
23,19,O_2
23,20,O_2
23,21,O_2
23,22,O_2
23,23,F
24,0,H
24,1,H
24,2,H
24,3,H
24,4,H
24,5,H
24,6,H
24,7,H
24,8,H
24,9,H
24,10,H
24,11,B_1
24,12,B_2
24,13,B_2
24,14,B_2
24,15,B_2
24,16,B_2
24,17,B_2
24,18,F
25,0,H
25,1,H
25,2,H
25,3,I_1
25,4,I_1
25,5,I_2
25,6,I_2
25,7,I_2
25,8,I_2
25,9,F
26,0,H
26,1,H
26,2,H
26,3,H
26,4,H
26,5,H
26,6,H
26,7,H
26,8,H
26,9,H
26,10,H
26,11,H
26,12,H
26,13,H
26,14,H
26,15,H
26,16,H
26,17,H
26,18,H
26,19,H
26,20,H
26,21,H
26,22,H
26,23,H
26,24,H
26,25,H
26,26,O_1
26,27,O_1
26,28,O_1
26,29,O_1
26,30,O_1
26,31,O_1
26,32,O_1
26,33,O_1
26,34,O_1
26,35,O_1
26,36,O_1
26,37,O_1
26,38,O_1
26,39,O_1
26,40,O_1
26,41,O_1
26,42,O_1
26,43,O_1
26,44,O_1
26,45,O_1
26,46,O_1
26,47,O_1
26,48,O_1
26,49,O_1
26,50,O_1
26,51,O_1
26,52,O_1
26,53,O_1
26,54,O_1
26,55,O_1
26,56,O_1
26,57,O_2
26,58,O_2
26,59,O_2
26,60,O_2
26,61,O_2
26,62,O_2
26,63,O_2
26,64,O_2
26,65,O_2
26,66,O_2
26,67,F
27,0,H
27,1,H
27,2,H
27,3,H
27,4,H
27,5,H
27,6,H
27,7,H
27,8,H
27,9,H
27,10,H
27,11,H
27,12,O_1
27,13,O_1
27,14,O_1
27,15,O_1
27,16,O_1
27,17,O_1
27,18,O_1
27,19,O_1
27,20,O_1
27,21,O_1
27,22,O_2
27,23,O_2
27,24,O_2
27,25,O_2
27,26,O_2
27,27,O_2
27,28,O_2
27,29,O_2
27,30,O_2
27,31,O_2
27,32,F
28,0,H
28,1,H
28,2,H
28,3,H
28,4,H
28,5,O_1
28,6,O_1
28,7,O_1
28,8,O_1
28,9,O_1
28,10,O_1
28,11,O_1
28,12,O_1
28,13,O_1
28,14,O_1
28,15,O_1
28,16,O_1
28,17,O_1
28,18,O_1
28,19,O_1
28,20,O_1
28,21,O_2
28,22,O_2
28,23,O_2
28,24,O_2
28,25,F
29,0,H
29,1,H
29,2,H
29,3,H
29,4,O_1
29,5,O_1
29,6,O_1
29,7,O_1
29,8,O_1
29,9,O_1
29,10,O_1
29,11,O_1
29,12,O_1
29,13,O_1
29,14,O_1
29,15,O_2
29,16,O_2
29,17,O_2
29,18,O_2
29,19,O_2
29,20,O_2
29,21,O_2
29,22,O_2
29,23,O_2
29,24,F
30,0,H
30,1,H
30,2,H
30,3,I_1
30,4,I_2
30,5,I_2
30,6,I_2
30,7,I_2
30,8,I_2
30,9,I_2
30,10,I_2
30,11,F
31,0,H
31,1,H
31,2,H
31,3,H
31,4,H
31,5,H
31,6,H
31,7,H
31,8,H
31,9,H
31,10,H
31,11,H
31,12,H
31,13,O_1
31,14,O_1
31,15,O_1
31,16,O_1
31,17,O_1
31,18,O_1
31,19,O_2
31,20,O_2
31,21,O_2
31,22,F
32,0,H
32,1,H
32,2,H
32,3,H
32,4,H
32,5,H
32,6,H
32,7,H
32,8,H
32,9,H
32,10,H
32,11,O_1
32,12,O_1
32,13,O_1
32,14,O_1
32,15,O_2
32,16,O_2
32,17,O_2
32,18,O_2
32,19,O_2
32,20,O_2
32,21,O_2
32,22,F
33,0,H
33,1,O_1
33,2,O_1
33,3,O_1
33,4,O_1
33,5,O_1
33,6,O_1
33,7,O_1
33,8,O_1
33,9,O_1
33,10,O_2
33,11,O_2
33,12,O_2
33,13,O_2
33,14,F
34,0,H
34,1,H
34,2,H
34,3,H
34,4,H
34,5,H
34,6,H
34,7,O_1
34,8,O_1
34,9,O_1
34,10,O_1
34,11,O_1
34,12,O_1
34,13,O_2
34,14,O_2
34,15,O_2
34,16,O_2
34,17,O_2
34,18,O_2
34,19,O_2
34,20,O_2
34,21,O_2
34,22,O_2
34,23,O_2
34,24,O_2
34,25,O_2
34,26,O_2
34,27,O_2
34,28,O_2
34,29,O_2
34,30,O_2
34,31,O_2
34,32,O_2
34,33,O_2
34,34,F
35,0,H
35,1,H
35,2,H
35,3,H
35,4,H
35,5,H
35,6,H
35,7,H
35,8,H
35,9,H
35,10,H
35,11,H
35,12,H
35,13,H
35,14,H
35,15,I_1
35,16,I_1
35,17,I_1
35,18,I_1
35,19,I_2
35,20,F
36,0,H
36,1,H
36,2,H
36,3,H
36,4,H
36,5,H
36,6,H
36,7,H
36,8,H
36,9,H
36,10,O_1
36,11,O_2
36,12,O_2
36,13,O_2
36,14,O_2
36,15,O_2
36,16,O_2
36,17,O_2
36,18,O_2
36,19,F
37,0,H
37,1,H
37,2,H
37,3,H
37,4,H
37,5,H
37,6,H
37,7,H
37,8,H
37,9,H
37,10,H
37,11,H
37,12,H
37,13,H
37,14,O_1
37,15,O_1
37,16,O_1
37,17,O_1
37,18,O_1
37,19,O_1
37,20,O_1
37,21,O_2
37,22,O_2
37,23,O_2
37,24,O_2
37,25,O_2
37,26,O_2
37,27,O_2
37,28,O_2
37,29,O_2
37,30,O_2
37,31,O_2
37,32,O_2
37,33,O_2
37,34,O_2
37,35,O_2
37,36,O_2
37,37,F
38,0,H
38,1,H
38,2,I_1
38,3,I_1
38,4,I_1
38,5,I_1
38,6,I_1
38,7,I_1
38,8,I_1
38,9,I_1
38,10,I_1
38,11,I_2
38,12,I_2
38,13,I_2
38,14,I_2
38,15,I_2
38,16,I_2
38,17,I_2
38,18,I_2
38,19,I_2
38,20,I_2
38,21,F
39,0,H
39,1,H
39,2,O_1
39,3,O_1
39,4,O_1
39,5,O_1
39,6,O_1
39,7,O_1
39,8,O_1
39,9,O_1
39,10,O_1
39,11,O_1
39,12,O_1
39,13,O_1
39,14,O_2
39,15,O_2
39,16,F
40,0,H
40,1,H
40,2,H
40,3,H
40,4,H
40,5,H
40,6,H
40,7,H
40,8,H
40,9,I_1
40,10,I_1
40,11,I_2
40,12,F
41,0,H
41,1,H
41,2,I_1
41,3,I_2
41,4,I_2
41,5,I_2
41,6,I_2
41,7,I_2
41,8,I_2
41,9,I_2
41,10,I_2
41,11,I_2
41,12,I_2
41,13,F
42,0,H
42,1,O_1
42,2,O_1
42,3,O_1
42,4,O_1
42,5,O_1
42,6,O_1
42,7,O_2
42,8,O_2
42,9,O_2
42,10,O_2
42,11,F
43,0,H
43,1,H
43,2,H
43,3,H
43,4,O_1
43,5,O_1
43,6,O_1
43,7,O_1
43,8,O_1
43,9,O_1
43,10,O_1
43,11,O_1
43,12,O_1
43,13,O_2
43,14,O_2
43,15,O_2
43,16,O_2
43,17,O_2
43,18,O_2
43,19,O_2
43,20,O_2
43,21,F
44,0,H
44,1,H
44,2,H
44,3,H
44,4,I_1
44,5,I_2
44,6,I_2
44,7,I_2
44,8,I_2
44,9,F
45,0,H
45,1,H
45,2,H
45,3,H
45,4,H
45,5,H
45,6,H
45,7,H
45,8,H
45,9,H
45,10,H
45,11,H
45,12,H
45,13,H
45,14,H
45,15,H
45,16,H
45,17,H
45,18,H
45,19,H
45,20,H
45,21,H
45,22,O_1
45,23,O_1
45,24,O_1
45,25,O_1
45,26,O_1
45,27,O_1
45,28,O_1
45,29,O_1
45,30,O_1
45,31,O_1
45,32,O_1
45,33,O_1
45,34,O_1
45,35,O_1
45,36,O_1
45,37,O_1
45,38,O_1
45,39,O_1
45,40,O_1
45,41,O_1
45,42,O_1
45,43,O_1
45,44,O_1
45,45,O_2
45,46,O_2
45,47,O_2
45,48,O_2
45,49,O_2
45,50,O_2
45,51,F
46,0,H
46,1,H
46,2,H
46,3,H
46,4,H
46,5,H
46,6,O_1
46,7,O_1
46,8,O_1
46,9,O_1
46,10,O_1
46,11,O_1
46,12,O_1
46,13,O_1
46,14,O_1
46,15,O_2
46,16,O_2
46,17,O_2
46,18,O_2
46,19,O_2
46,20,O_2
46,21,O_2
46,22,O_2
46,23,O_2
46,24,O_2
46,25,O_2
46,26,O_2
46,27,O_2
46,28,O_2
46,29,O_2
46,30,O_2
46,31,O_2
46,32,O_2
46,33,O_2
46,34,O_2
46,35,O_2
46,36,F
47,0,H
47,1,H
47,2,H
47,3,H
47,4,H
47,5,H
47,6,H
47,7,H
47,8,H
47,9,H
47,10,H
47,11,H
47,12,H
47,13,H
47,14,H
47,15,H
47,16,H
47,17,I_1
47,18,I_1
47,19,I_1
47,20,I_1
47,21,I_1
47,22,I_1
47,23,I_1
47,24,I_1
47,25,I_2
47,26,I_2
47,27,I_2
47,28,I_2
47,29,I_2
47,30,F
48,0,H
48,1,I_1
48,2,I_2
48,3,I_2
48,4,I_2
48,5,I_2
48,6,F
49,0,H
49,1,H
49,2,H
49,3,H
49,4,H
49,5,H
49,6,H
49,7,H
49,8,H
49,9,H
49,10,H
49,11,H
49,12,H
49,13,H
49,14,H
49,15,H
49,16,H
49,17,H
49,18,H
49,19,H
49,20,H
49,21,H
49,22,H
49,23,H
49,24,H
49,25,H
49,26,H
49,27,H
49,28,H
49,29,H
49,30,H
49,31,H
49,32,H
49,33,H
49,34,H
49,35,H
49,36,H
49,37,H
49,38,H
49,39,H
49,40,H
49,41,H
49,42,H
49,43,H
49,44,H
49,45,H
49,46,H
49,47,H
49,48,H
49,49,H
49,50,H
49,51,H
49,52,H
49,53,H
49,54,H
49,55,H
49,56,H
49,57,H
49,58,H
49,59,H
49,60,O_1
49,61,O_1
49,62,O_1
49,63,O_1
49,64,O_1
49,65,O_1
49,66,O_1
49,67,O_1
49,68,O_1
49,69,O_1
49,70,O_1
49,71,O_1
49,72,O_2
49,73,O_2
49,74,O_2
49,75,O_2
49,76,O_2
49,77,O_2
49,78,O_2
49,79,O_2
49,80,O_2
49,81,O_2
49,82,O_2
49,83,O_2
49,84,O_2
49,85,O_2
49,86,F
50,0,H
50,1,H
50,2,H
50,3,H
50,4,H
50,5,H
50,6,H
50,7,H
50,8,H
50,9,H
50,10,H
50,11,H
50,12,H
50,13,H
50,14,H
50,15,H
50,16,H
50,17,O_1
50,18,O_1
50,19,O_1
50,20,O_1
50,21,O_1
50,22,O_1
50,23,O_1
50,24,O_1
50,25,O_1
50,26,O_1
50,27,O_1
50,28,O_1
50,29,O_1
50,30,O_1
50,31,O_1
50,32,O_1
50,33,O_1
50,34,O_1
50,35,O_1
50,36,O_1
50,37,O_1
50,38,O_1
50,39,O_1
50,40,O_1
50,41,O_1
50,42,O_1
50,43,O_1
50,44,O_1
50,45,O_1
50,46,O_1
50,47,O_1
50,48,O_1
50,49,O_1
50,50,O_1
50,51,O_1
50,52,O_1
50,53,O_1
50,54,O_1
50,55,O_1
50,56,O_1
50,57,O_1
50,58,O_1
50,59,O_1
50,60,O_1
50,61,O_1
50,62,O_1
50,63,O_1
50,64,O_1
50,65,O_1
50,66,O_1
50,67,O_1
50,68,O_1
50,69,O_1
50,70,O_1
50,71,O_1
50,72,O_1
50,73,O_1
50,74,O_2
50,75,O_2
50,76,O_2
50,77,O_2
50,78,O_2
50,79,O_2
50,80,F
51,0,H
51,1,H
51,2,H
51,3,H
51,4,O_1
51,5,O_1
51,6,O_1
51,7,O_1
51,8,O_1
51,9,O_1
51,10,O_1
51,11,O_1
51,12,O_1
51,13,O_1
51,14,O_1
51,15,O_1
51,16,O_1
51,17,O_1
51,18,O_1
51,19,O_1
51,20,O_2
51,21,O_2
51,22,O_2
51,23,O_2
51,24,O_2
51,25,O_2
51,26,O_2
51,27,O_2
51,28,O_2
51,29,O_2
51,30,O_2
51,31,O_2
51,32,O_2
51,33,O_2
51,34,O_2
51,35,O_2
51,36,O_2
51,37,O_2
51,38,O_2
51,39,O_2
51,40,O_2
51,41,O_2
51,42,O_2
51,43,O_2
51,44,O_2
51,45,O_2
51,46,O_2
51,47,O_2
51,48,O_2
51,49,O_2
51,50,O_2
51,51,O_2
51,52,O_2
51,53,O_2
51,54,F
52,0,H
52,1,B_1
52,2,B_1
52,3,B_1
52,4,B_1
52,5,B_1
52,6,B_2
52,7,F
53,0,H
53,1,H
53,2,H
53,3,H
53,4,H
53,5,H
53,6,H
53,7,H
53,8,H
53,9,H
53,10,H
53,11,H
53,12,H
53,13,O_1
53,14,O_1
53,15,O_1
53,16,O_2
53,17,O_2
53,18,O_2
53,19,O_2
53,20,O_2
53,21,O_2
53,22,O_2
53,23,O_2
53,24,F
54,0,H
54,1,H
54,2,H
54,3,O_1
54,4,O_1
54,5,O_1
54,6,O_1
54,7,O_1
54,8,O_1
54,9,O_1
54,10,O_1
54,11,O_1
54,12,O_1
54,13,O_1
54,14,O_1
54,15,O_1
54,16,O_1
54,17,O_1
54,18,O_1
54,19,O_1
54,20,O_1
54,21,O_1
54,22,O_1
54,23,O_1
54,24,O_1
54,25,O_1
54,26,O_1
54,27,O_1
54,28,O_1
54,29,O_2
54,30,O_2
54,31,O_2
54,32,O_2
54,33,O_2
54,34,O_2
54,35,O_2
54,36,O_2
54,37,O_2
54,38,O_2
54,39,O_2
54,40,O_2
54,41,F
55,0,H
55,1,H
55,2,H
55,3,H
55,4,B_1
55,5,B_1
55,6,B_1
55,7,B_1
55,8,B_1
55,9,B_2
55,10,B_2
55,11,B_2
55,12,F
56,0,H
56,1,H
56,2,H
56,3,H
56,4,H
56,5,H
56,6,H
56,7,H
56,8,H
56,9,H
56,10,H
56,11,H
56,12,H
56,13,H
56,14,H
56,15,H
56,16,H
56,17,H
56,18,H
56,19,H
56,20,H
56,21,H
56,22,H
56,23,O_1
56,24,O_1
56,25,O_2
56,26,O_2
56,27,O_2
56,28,O_2
56,29,O_2
56,30,O_2
56,31,O_2
56,32,O_2
56,33,O_2
56,34,O_2
56,35,O_2
56,36,O_2
56,37,O_2
56,38,F
57,0,H
57,1,H
57,2,I_1
57,3,I_1
57,4,I_1
57,5,I_2
57,6,I_2
57,7,I_2
57,8,I_2
57,9,I_2
57,10,I_2
57,11,F
58,0,H
58,1,H
58,2,H
58,3,H
58,4,H
58,5,H
58,6,H
58,7,H
58,8,H
58,9,H
58,10,H
58,11,H
58,12,H
58,13,B_1
58,14,B_1
58,15,B_2
58,16,F
59,0,H
59,1,H
59,2,H
59,3,H
59,4,H
59,5,H
59,6,I_1
59,7,I_1
59,8,I_1
59,9,I_1
59,10,I_1
59,11,I_1
59,12,I_1
59,13,I_1
59,14,I_1
59,15,I_1
59,16,I_1
59,17,I_1
59,18,I_2
59,19,I_2
59,20,I_2
59,21,I_2
59,22,I_2
59,23,I_2
59,24,I_2
59,25,I_2
59,26,I_2
59,27,I_2
59,28,I_2
59,29,I_2
59,30,I_2
59,31,I_2
59,32,I_2
59,33,I_2
59,34,F
60,0,H
60,1,H
60,2,O_1
60,3,O_1
60,4,O_1
60,5,O_1
60,6,O_1
60,7,O_1
60,8,O_1
60,9,O_1
60,10,O_1
60,11,O_1
60,12,O_1
60,13,O_1
60,14,O_1
60,15,O_1
60,16,O_1
60,17,O_1
60,18,O_1
60,19,O_2
60,20,O_2
60,21,O_2
60,22,O_2
60,23,O_2
60,24,O_2
60,25,O_2
60,26,O_2
60,27,O_2
60,28,O_2
60,29,O_2
60,30,O_2
60,31,O_2
60,32,O_2
60,33,O_2
60,34,O_2
60,35,F
61,0,H
61,1,H
61,2,H
61,3,H
61,4,H
61,5,H
61,6,I_1
61,7,I_1
61,8,I_1
61,9,I_1
61,10,I_1
61,11,I_2
61,12,I_2
61,13,I_2
61,14,I_2
61,15,F
62,0,H
62,1,H
62,2,O_1
62,3,O_1
62,4,O_1
62,5,O_1
62,6,O_1
62,7,O_1
62,8,O_1
62,9,O_1
62,10,O_2
62,11,F
63,0,H
63,1,H
63,2,H
63,3,H
63,4,H
63,5,H
63,6,H
63,7,H
63,8,H
63,9,H
63,10,O_1
63,11,O_1
63,12,O_1
63,13,O_1
63,14,O_1
63,15,O_1
63,16,O_1
63,17,O_1
63,18,O_1
63,19,O_1
63,20,O_1
63,21,O_1
63,22,O_1
63,23,O_1
63,24,O_1
63,25,O_1
63,26,O_1
63,27,O_1
63,28,O_1
63,29,O_2
63,30,O_2
63,31,O_2
63,32,O_2
63,33,O_2
63,34,O_2
63,35,O_2
63,36,O_2
63,37,O_2
63,38,O_2
63,39,O_2
63,40,O_2
63,41,O_2
63,42,O_2
63,43,O_2
63,44,F
64,0,H
64,1,H
64,2,H
64,3,H
64,4,H
64,5,H
64,6,H
64,7,H
64,8,H
64,9,H
64,10,H
64,11,H
64,12,H
64,13,H
64,14,H
64,15,H
64,16,H
64,17,H
64,18,H
64,19,H
64,20,H
64,21,H
64,22,H
64,23,H
64,24,O_1
64,25,O_1
64,26,O_2
64,27,O_2
64,28,O_2
64,29,O_2
64,30,O_2
64,31,O_2
64,32,O_2
64,33,O_2
64,34,O_2
64,35,O_2
64,36,O_2
64,37,O_2
64,38,O_2
64,39,O_2
64,40,O_2
64,41,O_2
64,42,O_2
64,43,O_2
64,44,O_2
64,45,O_2
64,46,O_2
64,47,O_2
64,48,O_2
64,49,F
65,0,H
65,1,H
65,2,H
65,3,I_1
65,4,I_1
65,5,I_1
65,6,I_1
65,7,I_2
65,8,I_2
65,9,I_2
65,10,I_2
65,11,I_2
65,12,I_2
65,13,I_2
65,14,I_2
65,15,I_2
65,16,I_2
65,17,I_2
65,18,I_2
65,19,I_2
65,20,I_2
65,21,I_2
65,22,F
66,0,H
66,1,H
66,2,H
66,3,H
66,4,H
66,5,H
66,6,H
66,7,H
66,8,H
66,9,H
66,10,H
66,11,I_1
66,12,I_1
66,13,I_1
66,14,I_1
66,15,I_1
66,16,I_1
66,17,I_1
66,18,I_2
66,19,I_2
66,20,I_2
66,21,I_2
66,22,I_2
66,23,I_2
66,24,I_2
66,25,I_2
66,26,I_2
66,27,F
67,0,H
67,1,H
67,2,H
67,3,H
67,4,O_1
67,5,O_1
67,6,O_1
67,7,O_1
67,8,O_1
67,9,O_1
67,10,O_1
67,11,O_1
67,12,O_2
67,13,O_2
67,14,O_2
67,15,O_2
67,16,O_2
67,17,O_2
67,18,O_2
67,19,O_2
67,20,O_2
67,21,O_2
67,22,O_2
67,23,F
68,0,H
68,1,H
68,2,H
68,3,H
68,4,H
68,5,H
68,6,H
68,7,H
68,8,H
68,9,H
68,10,H
68,11,H
68,12,I_1
68,13,I_1
68,14,I_1
68,15,I_1
68,16,I_1
68,17,I_1
68,18,I_1
68,19,I_2
68,20,I_2
68,21,I_2
68,22,I_2
68,23,I_2
68,24,I_2
68,25,F
69,0,H
69,1,H
69,2,I_1
69,3,I_2
69,4,I_2
69,5,I_2
69,6,I_2
69,7,I_2
69,8,I_2
69,9,I_2
69,10,I_2
69,11,I_2
69,12,I_2
69,13,F
70,0,H
70,1,H
70,2,H
70,3,H
70,4,H
70,5,H
70,6,H
70,7,H
70,8,H
70,9,H
70,10,H
70,11,H
70,12,H
70,13,H
70,14,H
70,15,H
70,16,O_1
70,17,O_1
70,18,O_2
70,19,O_2
70,20,O_2
70,21,O_2
70,22,F
71,0,H
71,1,H
71,2,H
71,3,O_1
71,4,O_1
71,5,O_1
71,6,O_1
71,7,O_1
71,8,O_2
71,9,F
72,0,H
72,1,H
72,2,H
72,3,H
72,4,O_1
72,5,O_2
72,6,O_2
72,7,O_2
72,8,F
73,0,H
73,1,I_1
73,2,I_2
73,3,F
74,0,H
74,1,H
74,2,H
74,3,H
74,4,B_1
74,5,B_1
74,6,B_2
74,7,B_2
74,8,B_2
74,9,F
75,0,H
75,1,H
75,2,H
75,3,H
75,4,H
75,5,H
75,6,H
75,7,H
75,8,H
75,9,H
75,10,H
75,11,H
75,12,H
75,13,H
75,14,H
75,15,O_1
75,16,O_1
75,17,O_1
75,18,O_1
75,19,O_1
75,20,O_1
75,21,O_1
75,22,O_1
75,23,O_1
75,24,O_1
75,25,O_1
75,26,O_1
75,27,O_2
75,28,O_2
75,29,O_2
75,30,O_2
75,31,O_2
75,32,O_2
75,33,O_2
75,34,O_2
75,35,O_2
75,36,O_2
75,37,O_2
75,38,F
76,0,H
76,1,H
76,2,H
76,3,H
76,4,O_1
76,5,O_1
76,6,O_1
76,7,O_1
76,8,O_1
76,9,O_1
76,10,O_1
76,11,O_1
76,12,O_1
76,13,O_1
76,14,O_1
76,15,O_1
76,16,O_1
76,17,O_1
76,18,O_1
76,19,O_1
76,20,O_1
76,21,O_1
76,22,O_1
76,23,O_1
76,24,O_1
76,25,O_1
76,26,O_1
76,27,O_1
76,28,O_1
76,29,O_1
76,30,O_1
76,31,O_1
76,32,O_1
76,33,O_1
76,34,O_1
76,35,O_1
76,36,O_1
76,37,O_1
76,38,O_1
76,39,O_1
76,40,O_1
76,41,O_1
76,42,O_1
76,43,O_1
76,44,O_1
76,45,O_1
76,46,O_1
76,47,O_1
76,48,O_1
76,49,O_1
76,50,O_1
76,51,O_1
76,52,O_1
76,53,O_2
76,54,F
77,0,H
77,1,H
77,2,O_1
77,3,O_1
77,4,O_1
77,5,O_1
77,6,O_1
77,7,O_2
77,8,O_2
77,9,O_2
77,10,F
78,0,H
78,1,H
78,2,H
78,3,O_1
78,4,O_1
78,5,O_1
78,6,O_1
78,7,O_1
78,8,O_1
78,9,O_1
78,10,O_1
78,11,O_1
78,12,O_1
78,13,O_1
78,14,O_1
78,15,O_1
78,16,O_1
78,17,O_1
78,18,O_1
78,19,O_1
78,20,O_1
78,21,O_1
78,22,O_1
78,23,O_1
78,24,O_1
78,25,O_2
78,26,O_2
78,27,O_2
78,28,O_2
78,29,O_2
78,30,O_2
78,31,O_2
78,32,O_2
78,33,O_2
78,34,O_2
78,35,O_2
78,36,O_2
78,37,O_2
78,38,O_2
78,39,O_2
78,40,O_2
78,41,O_2
78,42,O_2
78,43,O_2
78,44,O_2
78,45,O_2
78,46,O_2
78,47,O_2
78,48,O_2
78,49,O_2
78,50,O_2
78,51,O_2
78,52,O_2
78,53,O_2
78,54,O_2
78,55,O_2
78,56,O_2
78,57,O_2
78,58,O_2
78,59,F
79,0,H
79,1,H
79,2,O_1
79,3,O_1
79,4,O_1
79,5,O_1
79,6,O_2
79,7,F
80,0,H
80,1,H
80,2,H
80,3,H
80,4,H
80,5,H
80,6,H
80,7,H
80,8,H
80,9,H
80,10,H
80,11,H
80,12,H
80,13,O_1
80,14,O_1
80,15,O_2
80,16,O_2
80,17,O_2
80,18,O_2
80,19,O_2
80,20,O_2
80,21,F
81,0,H
81,1,H
81,2,H
81,3,H
81,4,H
81,5,H
81,6,H
81,7,H
81,8,H
81,9,H
81,10,H
81,11,H
81,12,H
81,13,H
81,14,H
81,15,H
81,16,I_1
81,17,I_1
81,18,I_2
81,19,F
82,0,H
82,1,H
82,2,B_1
82,3,B_1
82,4,B_1
82,5,B_1
82,6,B_1
82,7,B_2
82,8,F
83,0,H
83,1,H
83,2,H
83,3,H
83,4,H
83,5,H
83,6,H
83,7,H
83,8,H
83,9,B_1
83,10,B_1
83,11,B_2
83,12,F
84,0,H
84,1,H
84,2,H
84,3,H
84,4,H
84,5,H
84,6,H
84,7,O_1
84,8,O_1
84,9,O_1
84,10,O_1
84,11,O_1
84,12,O_1
84,13,O_1
84,14,O_1
84,15,O_1
84,16,O_1
84,17,O_1
84,18,O_1
84,19,O_2
84,20,O_2
84,21,O_2
84,22,O_2
84,23,O_2
84,24,O_2
84,25,O_2
84,26,O_2
84,27,F
85,0,H
85,1,H
85,2,H
85,3,H
85,4,H
85,5,H
85,6,O_1
85,7,O_1
85,8,O_1
85,9,O_1
85,10,O_1
85,11,O_1
85,12,O_1
85,13,O_1
85,14,O_1
85,15,O_1
85,16,O_1
85,17,O_1
85,18,O_1
85,19,O_1
85,20,O_1
85,21,O_1
85,22,O_1
85,23,O_1
85,24,O_1
85,25,O_1
85,26,O_2
85,27,O_2
85,28,O_2
85,29,O_2
85,30,O_2
85,31,F
86,0,H
86,1,H
86,2,H
86,3,H
86,4,H
86,5,H
86,6,H
86,7,H
86,8,H
86,9,H
86,10,H
86,11,H
86,12,B_1
86,13,B_1
86,14,B_2
86,15,F
87,0,H
87,1,H
87,2,H
87,3,H
87,4,H
87,5,H
87,6,H
87,7,H
87,8,H
87,9,H
87,10,H
87,11,H
87,12,H
87,13,H
87,14,H
87,15,H
87,16,H
87,17,H
87,18,H
87,19,H
87,20,H
87,21,H
87,22,H
87,23,H
87,24,O_1
87,25,O_1
87,26,O_1
87,27,O_1
87,28,O_2
87,29,O_2
87,30,F
88,0,H
88,1,H
88,2,H
88,3,H
88,4,H
88,5,H
88,6,H
88,7,H
88,8,H
88,9,H
88,10,O_1
88,11,O_1
88,12,O_1
88,13,O_1
88,14,O_2
88,15,O_2
88,16,O_2
88,17,F
89,0,H
89,1,H
89,2,H
89,3,H
89,4,H
89,5,H
89,6,I_1
89,7,I_1
89,8,I_1
89,9,I_1
89,10,I_1
89,11,I_2
89,12,I_2
89,13,I_2
89,14,F
90,0,H
90,1,H
90,2,H
90,3,H
90,4,H
90,5,H
90,6,H
90,7,H
90,8,H
90,9,H
90,10,H
90,11,H
90,12,H
90,13,H
90,14,H
90,15,H
90,16,H
90,17,H
90,18,H
90,19,H
90,20,H
90,21,H
90,22,H
90,23,H
90,24,H
90,25,H
90,26,H
90,27,H
90,28,H
90,29,H
90,30,H
90,31,H
90,32,H
90,33,O_1
90,34,O_2
90,35,F
91,0,H
91,1,H
91,2,H
91,3,H
91,4,H
91,5,H
91,6,H
91,7,H
91,8,H
91,9,H
91,10,H
91,11,H
91,12,H
91,13,H
91,14,H
91,15,H
91,16,H
91,17,H
91,18,H
91,19,O_1
91,20,O_1
91,21,O_1
91,22,O_1
91,23,O_1
91,24,O_1
91,25,O_1
91,26,O_1
91,27,O_2
91,28,O_2
91,29,O_2
91,30,F
92,0,H
92,1,H
92,2,H
92,3,I_1
92,4,I_2
92,5,I_2
92,6,I_2
92,7,I_2
92,8,I_2
92,9,I_2
92,10,I_2
92,11,F
93,0,H
93,1,H
93,2,H
93,3,H
93,4,H
93,5,H
93,6,H
93,7,H
93,8,I_1
93,9,I_1
93,10,I_1
93,11,I_1
93,12,I_1
93,13,I_1
93,14,I_2
93,15,I_2
93,16,I_2
93,17,I_2
93,18,I_2
93,19,I_2
93,20,I_2
93,21,I_2
93,22,I_2
93,23,I_2
93,24,F
94,0,H
94,1,H
94,2,H
94,3,H
94,4,O_1
94,5,O_1
94,6,O_1
94,7,O_1
94,8,O_1
94,9,O_1
94,10,O_1
94,11,O_1
94,12,O_1
94,13,O_1
94,14,O_1
94,15,O_1
94,16,O_1
94,17,O_1
94,18,O_2
94,19,O_2
94,20,O_2
94,21,O_2
94,22,F
95,0,H
95,1,H
95,2,H
95,3,H
95,4,H
95,5,H
95,6,H
95,7,H
95,8,H
95,9,H
95,10,H
95,11,H
95,12,H
95,13,H
95,14,H
95,15,H
95,16,H
95,17,I_1
95,18,I_1
95,19,I_2
95,20,I_2
95,21,I_2
95,22,I_2
95,23,I_2
95,24,I_2
95,25,I_2
95,26,I_2
95,27,I_2
95,28,I_2
95,29,I_2
95,30,F
96,0,H
96,1,H
96,2,H
96,3,H
96,4,H
96,5,H
96,6,B_1
96,7,B_1
96,8,B_1
96,9,B_1
96,10,B_1
96,11,B_2
96,12,B_2
96,13,B_2
96,14,B_2
96,15,F
97,0,H
97,1,H
97,2,H
97,3,H
97,4,H
97,5,H
97,6,H
97,7,H
97,8,H
97,9,H
97,10,H
97,11,H
97,12,H
97,13,H
97,14,H
97,15,H
97,16,H
97,17,H
97,18,H
97,19,H
97,20,H
97,21,H
97,22,H
97,23,H
97,24,H
97,25,H
97,26,H
97,27,H
97,28,H
97,29,H
97,30,H
97,31,H
97,32,H
97,33,H
97,34,H
97,35,H
97,36,H
97,37,H
97,38,H
97,39,H
97,40,H
97,41,H
97,42,H
97,43,H
97,44,H
97,45,B_1
97,46,B_1
97,47,B_1
97,48,B_1
97,49,B_1
97,50,B_1
97,51,B_1
97,52,B_1
97,53,B_1
97,54,B_1
97,55,B_2
97,56,F
98,0,H
98,1,H
98,2,H
98,3,H
98,4,H
98,5,H
98,6,H
98,7,H
98,8,H
98,9,H
98,10,H
98,11,H
98,12,H
98,13,H
98,14,H
98,15,H
98,16,H
98,17,H
98,18,H
98,19,H
98,20,H
98,21,H
98,22,H
98,23,H
98,24,H
98,25,H
98,26,H
98,27,B_1
98,28,B_1
98,29,B_2
98,30,F
99,0,H
99,1,H
99,2,B_1
99,3,B_1
99,4,B_1
99,5,B_2
99,6,B_2
99,7,F
100,0,H
100,1,H
100,2,H
100,3,H
100,4,H
100,5,H
100,6,H
100,7,H
100,8,H
100,9,H
100,10,H
100,11,H
100,12,H
100,13,H
100,14,H
100,15,H
100,16,H
100,17,H
100,18,H
100,19,H
100,20,H
100,21,B_1
100,22,B_2
100,23,B_2
100,24,F
101,0,H
101,1,H
101,2,O_1
101,3,O_2
101,4,O_2
101,5,O_2
101,6,O_2
101,7,O_2
101,8,O_2
101,9,O_2
101,10,O_2
101,11,O_2
101,12,O_2
101,13,O_2
101,14,O_2
101,15,O_2
101,16,O_2
101,17,O_2
101,18,O_2
101,19,O_2
101,20,O_2
101,21,O_2
101,22,F
102,0,H
102,1,H
102,2,I_1
102,3,I_1
102,4,I_1
102,5,I_1
102,6,I_1
102,7,I_1
102,8,I_1
102,9,I_1
102,10,I_1
102,11,I_1
102,12,I_1
102,13,I_1
102,14,I_1
102,15,I_1
102,16,I_1
102,17,I_2
102,18,I_2
102,19,I_2
102,20,I_2
102,21,I_2
102,22,I_2
102,23,I_2
102,24,I_2
102,25,I_2
102,26,I_2
102,27,I_2
102,28,I_2
102,29,F
103,0,H
103,1,H
103,2,H
103,3,I_1
103,4,I_1
103,5,I_1
103,6,I_1
103,7,I_1
103,8,I_1
103,9,I_2
103,10,I_2
103,11,I_2
103,12,I_2
103,13,I_2
103,14,F
104,0,H
104,1,H
104,2,H
104,3,H
104,4,H
104,5,H
104,6,H
104,7,H
104,8,H
104,9,H
104,10,H
104,11,H
104,12,H
104,13,H
104,14,H
104,15,H
104,16,B_1
104,17,B_1
104,18,B_1
104,19,B_1
104,20,B_1
104,21,B_2
104,22,B_2
104,23,B_2
104,24,F
105,0,H
105,1,H
105,2,H
105,3,H
105,4,H
105,5,B_1
105,6,B_1
105,7,B_1
105,8,B_1
105,9,B_2
105,10,B_2
105,11,F
106,0,H
106,1,H
106,2,H
106,3,H
106,4,H
106,5,H
106,6,H
106,7,H
106,8,H
106,9,H
106,10,H
106,11,I_1
106,12,I_1
106,13,I_1
106,14,I_1
106,15,I_1
106,16,I_1
106,17,I_1
106,18,I_1
106,19,I_1
106,20,I_1
106,21,I_2
106,22,I_2
106,23,I_2
106,24,I_2
106,25,I_2
106,26,I_2
106,27,I_2
106,28,I_2
106,29,F
107,0,H
107,1,I_1
107,2,I_1
107,3,I_1
107,4,I_1
107,5,I_1
107,6,I_1
107,7,I_2
107,8,F
108,0,H
108,1,O_1
108,2,O_1
108,3,O_1
108,4,O_1
108,5,O_1
108,6,O_1
108,7,O_1
108,8,O_2
108,9,O_2
108,10,O_2
108,11,O_2
108,12,O_2
108,13,O_2
108,14,O_2
108,15,O_2
108,16,O_2
108,17,O_2
108,18,O_2
108,19,O_2
108,20,O_2
108,21,O_2
108,22,O_2
108,23,O_2
108,24,O_2
108,25,O_2
108,26,O_2
108,27,O_2
108,28,O_2
108,29,O_2
108,30,O_2
108,31,O_2
108,32,O_2
108,33,O_2
108,34,O_2
108,35,O_2
108,36,O_2
108,37,O_2
108,38,O_2
108,39,O_2
108,40,O_2
108,41,O_2
108,42,O_2
108,43,O_2
108,44,O_2
108,45,O_2
108,46,O_2
108,47,O_2
108,48,O_2
108,49,O_2
108,50,F
109,0,H
109,1,H
109,2,H
109,3,H
109,4,H
109,5,H
109,6,H
109,7,H
109,8,H
109,9,H
109,10,H
109,11,H
109,12,H
109,13,H
109,14,H
109,15,H
109,16,H
109,17,H
109,18,H
109,19,H
109,20,H
109,21,H
109,22,H
109,23,H
109,24,H
109,25,H
109,26,H
109,27,H
109,28,H
109,29,H
109,30,H
109,31,H
109,32,H
109,33,H
109,34,O_1
109,35,O_1
109,36,O_1
109,37,O_2
109,38,O_2
109,39,O_2
109,40,O_2
109,41,O_2
109,42,O_2
109,43,O_2
109,44,O_2
109,45,O_2
109,46,O_2
109,47,F
110,0,H
110,1,H
110,2,H
110,3,B_1
110,4,B_2
110,5,B_2
110,6,B_2
110,7,B_2
110,8,F
111,0,H
111,1,H
111,2,H
111,3,H
111,4,H
111,5,H
111,6,H
111,7,H
111,8,H
111,9,H
111,10,H
111,11,H
111,12,H
111,13,O_1
111,14,O_1
111,15,O_1
111,16,O_1
111,17,O_1
111,18,O_1
111,19,O_1
111,20,O_1
111,21,O_1
111,22,O_2
111,23,O_2
111,24,O_2
111,25,O_2
111,26,O_2
111,27,O_2
111,28,O_2
111,29,O_2
111,30,O_2
111,31,O_2
111,32,F
112,0,H
112,1,H
112,2,H
112,3,O_1
112,4,O_1
112,5,O_1
112,6,O_1
112,7,O_1
112,8,O_2
112,9,O_2
112,10,O_2
112,11,O_2
112,12,O_2
112,13,O_2
112,14,O_2
112,15,O_2
112,16,F
113,0,H
113,1,H
113,2,H
113,3,H
113,4,H
113,5,H
113,6,H
113,7,H
113,8,H
113,9,H
113,10,H
113,11,H
113,12,H
113,13,H
113,14,H
113,15,H
113,16,H
113,17,H
113,18,I_1
113,19,I_1
113,20,I_1
113,21,I_1
113,22,I_1
113,23,I_1
113,24,I_1
113,25,I_2
113,26,I_2
113,27,I_2
113,28,F
114,0,H
114,1,H
114,2,H
114,3,H
114,4,H
114,5,H
114,6,H
114,7,H
114,8,B_1
114,9,B_1
114,10,B_1
114,11,B_1
114,12,B_2
114,13,B_2
114,14,B_2
114,15,F
115,0,H
115,1,H
115,2,H
115,3,H
115,4,B_1
115,5,B_1
115,6,B_2
115,7,B_2
115,8,F
116,0,H
116,1,H
116,2,H
116,3,H
116,4,H
116,5,H
116,6,H
116,7,O_1
116,8,O_1
116,9,O_1
116,10,O_2
116,11,O_2
116,12,O_2
116,13,O_2
116,14,O_2
116,15,O_2
116,16,O_2
116,17,O_2
116,18,O_2
116,19,O_2
116,20,O_2
116,21,O_2
116,22,O_2
116,23,O_2
116,24,O_2
116,25,O_2
116,26,O_2
116,27,O_2
116,28,O_2
116,29,O_2
116,30,O_2
116,31,O_2
116,32,O_2
116,33,O_2
116,34,O_2
116,35,O_2
116,36,O_2
116,37,O_2
116,38,O_2
116,39,O_2
116,40,O_2
116,41,F
117,0,H
117,1,H
117,2,H
117,3,H
117,4,H
117,5,O_1
117,6,O_1
117,7,O_1
117,8,O_1
117,9,O_1
117,10,O_1
117,11,O_1
117,12,O_1
117,13,O_1
117,14,O_2
117,15,O_2
117,16,O_2
117,17,F
118,0,H
118,1,I_1
118,2,I_1
118,3,I_1
118,4,I_1
118,5,I_2
118,6,F
119,0,H
119,1,H
119,2,B_1
119,3,B_1
119,4,B_2
119,5,F
120,0,H
120,1,H
120,2,H
120,3,H
120,4,H
120,5,H
120,6,H
120,7,H
120,8,O_1
120,9,O_1
120,10,O_1
120,11,O_2
120,12,O_2
120,13,O_2
120,14,O_2
120,15,F
121,0,H
121,1,H
121,2,H
121,3,H
121,4,H
121,5,H
121,6,H
121,7,H
121,8,H
121,9,H
121,10,O_1
121,11,O_1
121,12,O_1
121,13,O_1
121,14,O_2
121,15,O_2
121,16,O_2
121,17,O_2
121,18,O_2
121,19,F
122,0,H
122,1,H
122,2,H
122,3,H
122,4,I_1
122,5,I_1
122,6,I_2
122,7,I_2
122,8,I_2
122,9,I_2
122,10,I_2
122,11,I_2
122,12,F
123,0,H
123,1,H
123,2,I_1
123,3,I_1
123,4,I_1
123,5,I_2
123,6,I_2
123,7,F
124,0,H
124,1,H
124,2,H
124,3,H
124,4,H
124,5,H
124,6,H
124,7,H
124,8,H
124,9,O_1
124,10,O_2
124,11,O_2
124,12,F
125,0,H
125,1,I_1
125,2,I_1
125,3,I_1
125,4,I_2
125,5,F
126,0,H
126,1,H
126,2,H
126,3,O_1
126,4,O_1
126,5,O_1
126,6,O_1
126,7,O_2
126,8,O_2
126,9,O_2
126,10,O_2
126,11,O_2
126,12,O_2
126,13,O_2
126,14,O_2
126,15,O_2
126,16,O_2
126,17,O_2
126,18,O_2
126,19,O_2
126,20,O_2
126,21,O_2
126,22,O_2
126,23,F
127,0,H
127,1,H
127,2,H
127,3,H
127,4,H
127,5,H
127,6,H
127,7,H
127,8,H
127,9,H
127,10,H
127,11,H
127,12,H
127,13,H
127,14,H
127,15,I_1
127,16,I_1
127,17,I_1
127,18,I_1
127,19,I_1
127,20,I_1
127,21,I_2
127,22,I_2
127,23,I_2
127,24,I_2
127,25,I_2
127,26,I_2
127,27,F
128,0,H
128,1,H
128,2,H
128,3,H
128,4,H
128,5,H
128,6,H
128,7,H
128,8,H
128,9,H
128,10,H
128,11,H
128,12,H
128,13,H
128,14,H
128,15,H
128,16,H
128,17,H
128,18,H
128,19,H
128,20,H
128,21,H
128,22,H
128,23,H
128,24,H
128,25,H
128,26,H
128,27,H
128,28,H
128,29,H
128,30,H
128,31,H
128,32,H
128,33,H
128,34,H
128,35,H
128,36,H
128,37,H
128,38,H
128,39,H
128,40,H
128,41,H
128,42,H
128,43,H
128,44,H
128,45,H
128,46,H
128,47,H
128,48,I_1
128,49,I_1
128,50,I_1
128,51,I_2
128,52,F
129,0,H
129,1,H
129,2,H
129,3,H
129,4,H
129,5,H
129,6,H
129,7,H
129,8,O_1
129,9,O_1
129,10,O_1
129,11,O_2
129,12,O_2
129,13,O_2
129,14,O_2
129,15,O_2
129,16,O_2
129,17,O_2
129,18,F
130,0,H
130,1,I_1
130,2,I_2
130,3,I_2
130,4,I_2
130,5,F
131,0,H
131,1,H
131,2,B_1
131,3,B_1
131,4,B_2
131,5,B_2
131,6,F
132,0,H
132,1,O_1
132,2,O_1
132,3,O_1
132,4,O_1
132,5,O_1
132,6,O_1
132,7,O_1
132,8,O_1
132,9,O_1
132,10,O_1
132,11,O_1
132,12,O_1
132,13,O_1
132,14,O_1
132,15,O_1
132,16,O_1
132,17,O_2
132,18,F
133,0,H
133,1,H
133,2,H
133,3,H
133,4,H
133,5,H
133,6,H
133,7,H
133,8,H
133,9,H
133,10,H
133,11,H
133,12,H
133,13,H
133,14,H
133,15,H
133,16,H
133,17,H
133,18,H
133,19,H
133,20,O_1
133,21,O_1
133,22,O_1
133,23,O_1
133,24,O_1
133,25,O_1
133,26,O_1
133,27,O_1
133,28,O_1
133,29,O_1
133,30,O_1
133,31,O_2
133,32,O_2
133,33,O_2
133,34,O_2
133,35,O_2
133,36,O_2
133,37,O_2
133,38,O_2
133,39,O_2
133,40,O_2
133,41,O_2
133,42,O_2
133,43,O_2
133,44,O_2
133,45,O_2
133,46,O_2
133,47,O_2
133,48,O_2
133,49,O_2
133,50,O_2
133,51,O_2
133,52,O_2
133,53,O_2
133,54,O_2
133,55,O_2
133,56,O_2
133,57,F
134,0,H
134,1,H
134,2,H
134,3,H
134,4,H
134,5,H
134,6,H
134,7,H
134,8,H
134,9,H
134,10,H
134,11,H
134,12,H
134,13,H
134,14,H
134,15,O_1
134,16,O_1
134,17,O_1
134,18,O_1
134,19,O_1
134,20,O_1
134,21,O_1
134,22,O_2
134,23,O_2
134,24,O_2
134,25,O_2
134,26,O_2
134,27,O_2
134,28,O_2
134,29,O_2
134,30,O_2
134,31,O_2
134,32,F
135,0,H
135,1,H
135,2,H
135,3,H
135,4,H
135,5,H
135,6,H
135,7,I_1
135,8,I_1
135,9,I_1
135,10,I_1
135,11,I_1
135,12,I_1
135,13,I_1
135,14,I_1
135,15,I_2
135,16,I_2
135,17,I_2
135,18,I_2
135,19,I_2
135,20,F
136,0,H
136,1,H
136,2,H
136,3,H
136,4,H
136,5,H
136,6,H
136,7,B_1
136,8,B_2
136,9,F
137,0,H
137,1,H
137,2,H
137,3,O_1
137,4,O_1
137,5,O_1
137,6,O_1
137,7,O_1
137,8,O_1
137,9,O_1
137,10,O_1
137,11,O_1
137,12,O_1
137,13,O_1
137,14,O_1
137,15,O_2
137,16,O_2
137,17,O_2
137,18,O_2
137,19,O_2
137,20,O_2
137,21,O_2
137,22,O_2
137,23,O_2
137,24,O_2
137,25,O_2
137,26,O_2
137,27,F
138,0,H
138,1,H
138,2,H
138,3,H
138,4,H
138,5,H
138,6,H
138,7,H
138,8,H
138,9,H
138,10,H
138,11,H
138,12,H
138,13,H
138,14,H
138,15,H
138,16,H
138,17,H
138,18,H
138,19,H
138,20,H
138,21,H
138,22,H
138,23,H
138,24,H
138,25,H
138,26,H
138,27,O_1
138,28,O_1
138,29,O_1
138,30,O_1
138,31,O_1
138,32,O_1
138,33,O_1
138,34,O_1
138,35,O_1
138,36,O_1
138,37,O_1
138,38,O_1
138,39,O_1
138,40,O_2
138,41,O_2
138,42,O_2
138,43,O_2
138,44,O_2
138,45,O_2
138,46,O_2
138,47,O_2
138,48,O_2
138,49,O_2
138,50,O_2
138,51,O_2
138,52,O_2
138,53,O_2
138,54,O_2
138,55,O_2
138,56,O_2
138,57,O_2
138,58,O_2
138,59,O_2
138,60,F
139,0,H
139,1,H
139,2,H
139,3,H
139,4,H
139,5,H
139,6,H
139,7,H
139,8,H
139,9,H
139,10,H
139,11,H
139,12,H
139,13,H
139,14,H
139,15,H
139,16,H
139,17,H
139,18,H
139,19,H
139,20,H
139,21,H
139,22,H
139,23,H
139,24,H
139,25,B_1
139,26,B_1
139,27,B_2
139,28,B_2
139,29,B_2
139,30,F
140,0,H
140,1,O_1
140,2,O_1
140,3,O_1
140,4,O_1
140,5,O_1
140,6,O_1
140,7,O_1
140,8,O_1
140,9,O_1
140,10,O_1
140,11,O_1
140,12,O_1
140,13,O_1
140,14,O_1
140,15,O_1
140,16,O_2
140,17,O_2
140,18,O_2
140,19,O_2
140,20,O_2
140,21,O_2
140,22,O_2
140,23,O_2
140,24,O_2
140,25,O_2
140,26,O_2
140,27,O_2
140,28,O_2
140,29,O_2
140,30,O_2
140,31,O_2
140,32,O_2
140,33,O_2
140,34,O_2
140,35,O_2
140,36,O_2
140,37,O_2
140,38,O_2
140,39,O_2
140,40,O_2
140,41,O_2
140,42,O_2
140,43,O_2
140,44,O_2
140,45,O_2
140,46,O_2
140,47,O_2
140,48,O_2
140,49,O_2
140,50,F
141,0,H
141,1,H
141,2,H
141,3,H
141,4,O_1
141,5,O_1
141,6,O_1
141,7,O_1
141,8,O_1
141,9,O_1
141,10,O_1
141,11,O_1
141,12,O_1
141,13,O_1
141,14,O_2
141,15,O_2
141,16,O_2
141,17,O_2
141,18,O_2
141,19,O_2
141,20,O_2
141,21,O_2
141,22,O_2
141,23,O_2
141,24,O_2
141,25,O_2
141,26,O_2
141,27,O_2
141,28,O_2
141,29,O_2
141,30,O_2
141,31,O_2
141,32,O_2
141,33,O_2
141,34,O_2
141,35,O_2
141,36,O_2
141,37,O_2
141,38,F
142,0,H
142,1,H
142,2,H
142,3,H
142,4,H
142,5,H
142,6,H
142,7,H
142,8,H
142,9,H
142,10,O_1
142,11,O_1
142,12,O_1
142,13,O_1
142,14,O_1
142,15,O_1
142,16,O_1
142,17,O_1
142,18,O_1
142,19,O_1
142,20,O_1
142,21,O_1
142,22,O_2
142,23,O_2
142,24,F
143,0,H
143,1,H
143,2,H
143,3,H
143,4,H
143,5,H
143,6,H
143,7,H
143,8,H
143,9,H
143,10,H
143,11,I_1
143,12,I_1
143,13,I_1
143,14,I_1
143,15,I_1
143,16,I_1
143,17,I_1
143,18,I_1
143,19,I_1
143,20,I_1
143,21,I_1
143,22,I_2
143,23,I_2
143,24,F
144,0,H
144,1,H
144,2,H
144,3,H
144,4,H
144,5,H
144,6,H
144,7,H
144,8,H
144,9,H
144,10,I_1
144,11,I_1
144,12,I_1
144,13,I_1
144,14,I_1
144,15,I_1
144,16,I_1
144,17,I_2
144,18,I_2
144,19,F
145,0,H
145,1,H
145,2,H
145,3,H
145,4,H
145,5,H
145,6,H
145,7,H
145,8,H
145,9,H
145,10,H
145,11,H
145,12,H
145,13,H
145,14,H
145,15,H
145,16,I_1
145,17,I_1
145,18,I_1
145,19,I_1
145,20,I_1
145,21,I_1
145,22,I_1
145,23,I_1
145,24,I_1
145,25,I_1
145,26,I_1
145,27,I_1
145,28,I_1
145,29,I_1
145,30,I_2
145,31,F
146,0,H
146,1,H
146,2,H
146,3,H
146,4,H
146,5,H
146,6,H
146,7,H
146,8,H
146,9,H
146,10,H
146,11,H
146,12,O_1
146,13,O_1
146,14,O_1
146,15,O_1
146,16,O_1
146,17,O_1
146,18,O_1
146,19,O_2
146,20,O_2
146,21,O_2
146,22,O_2
146,23,O_2
146,24,O_2
146,25,F
147,0,H
147,1,H
147,2,H
147,3,H
147,4,H
147,5,O_1
147,6,O_1
147,7,O_1
147,8,O_1
147,9,O_2
147,10,O_2
147,11,O_2
147,12,O_2
147,13,O_2
147,14,O_2
147,15,O_2
147,16,O_2
147,17,O_2
147,18,O_2
147,19,F
148,0,H
148,1,O_1
148,2,O_1
148,3,O_1
148,4,O_2
148,5,F
149,0,H
149,1,H
149,2,H
149,3,H
149,4,H
149,5,H
149,6,H
149,7,H
149,8,H
149,9,H
149,10,O_1
149,11,O_1
149,12,O_1
149,13,O_1
149,14,O_1
149,15,O_1
149,16,O_1
149,17,O_2
149,18,O_2
149,19,F
150,0,H
150,1,H
150,2,H
150,3,H
150,4,H
150,5,H
150,6,H
150,7,H
150,8,H
150,9,H
150,10,H
150,11,H
150,12,H
150,13,H
150,14,H
150,15,H
150,16,H
150,17,H
150,18,H
150,19,H
150,20,H
150,21,H
150,22,H
150,23,H
150,24,H
150,25,H
150,26,H
150,27,H
150,28,H
150,29,H
150,30,H
150,31,H
150,32,H
150,33,H
150,34,H
150,35,H
150,36,H
150,37,H
150,38,H
150,39,H
150,40,H
150,41,O_1
150,42,O_1
150,43,O_2
150,44,F
151,0,H
151,1,H
151,2,H
151,3,H
151,4,H
151,5,H
151,6,H
151,7,H
151,8,H
151,9,O_1
151,10,O_1
151,11,O_1
151,12,O_1
151,13,O_1
151,14,O_1
151,15,O_1
151,16,O_2
151,17,O_2
151,18,O_2
151,19,O_2
151,20,O_2
151,21,O_2
151,22,O_2
151,23,O_2
151,24,O_2
151,25,O_2
151,26,O_2
151,27,O_2
151,28,O_2
151,29,O_2
151,30,O_2
151,31,O_2
151,32,O_2
151,33,O_2
151,34,O_2
151,35,F
152,0,H
152,1,H
152,2,H
152,3,H
152,4,H
152,5,H
152,6,H
152,7,H
152,8,H
152,9,H
152,10,H
152,11,H
152,12,H
152,13,H
152,14,H
152,15,H
152,16,H
152,17,H
152,18,H
152,19,H
152,20,H
152,21,H
152,22,B_1
152,23,B_2
152,24,F
153,0,H
153,1,H
153,2,H
153,3,H
153,4,O_1
153,5,O_1
153,6,O_1
153,7,O_2
153,8,O_2
153,9,O_2
153,10,F
154,0,H
154,1,O_1
154,2,O_1
154,3,O_1
154,4,O_1
154,5,O_2
154,6,O_2
154,7,O_2
154,8,O_2
154,9,O_2
154,10,O_2
154,11,F
155,0,H
155,1,H
155,2,H
155,3,O_1
155,4,O_1
155,5,O_2
155,6,O_2
155,7,O_2
155,8,O_2
155,9,O_2
155,10,O_2
155,11,O_2
155,12,O_2
155,13,O_2
155,14,O_2
155,15,O_2
155,16,F
156,0,H
156,1,H
156,2,H
156,3,O_1
156,4,O_1
156,5,O_1
156,6,O_1
156,7,O_1
156,8,O_1
156,9,O_1
156,10,O_1
156,11,O_1
156,12,O_1
156,13,O_1
156,14,O_1
156,15,O_1
156,16,O_1
156,17,O_1
156,18,O_1
156,19,O_1
156,20,O_1
156,21,O_1
156,22,O_1
156,23,O_1
156,24,O_1
156,25,O_1
156,26,O_1
156,27,O_2
156,28,O_2
156,29,O_2
156,30,O_2
156,31,O_2
156,32,O_2
156,33,O_2
156,34,O_2
156,35,O_2
156,36,O_2
156,37,O_2
156,38,O_2
156,39,O_2
156,40,O_2
156,41,O_2
156,42,F
157,0,H
157,1,H
157,2,H
157,3,O_1
157,4,O_1
157,5,O_1
157,6,O_1
157,7,O_2
157,8,O_2
157,9,O_2
157,10,O_2
157,11,O_2
157,12,O_2
157,13,O_2
157,14,F
158,0,H
158,1,H
158,2,H
158,3,O_1
158,4,O_1
158,5,O_1
158,6,O_1
158,7,O_1
158,8,O_1
158,9,O_1
158,10,O_1
158,11,O_1
158,12,O_1
158,13,O_1
158,14,O_1
158,15,O_1
158,16,O_2
158,17,F
159,0,H
159,1,H
159,2,H
159,3,H
159,4,H
159,5,H
159,6,H
159,7,H
159,8,H
159,9,H
159,10,H
159,11,H
159,12,H
159,13,O_1
159,14,O_1
159,15,O_1
159,16,O_1
159,17,O_1
159,18,O_1
159,19,O_1
159,20,O_1
159,21,O_1
159,22,O_1
159,23,O_1
159,24,O_1
159,25,O_1
159,26,O_1
159,27,O_1
159,28,O_1
159,29,O_1
159,30,O_1
159,31,O_1
159,32,O_1
159,33,O_1
159,34,O_1
159,35,O_1
159,36,O_1
159,37,O_1
159,38,O_1
159,39,O_1
159,40,O_1
159,41,O_1
159,42,O_1
159,43,O_1
159,44,O_1
159,45,O_1
159,46,O_1
159,47,O_1
159,48,O_1
159,49,O_1
159,50,O_1
159,51,O_1
159,52,O_2
159,53,O_2
159,54,O_2
159,55,F
160,0,H
160,1,H
160,2,H
160,3,H
160,4,H
160,5,H
160,6,H
160,7,H
160,8,H
160,9,H
160,10,H
160,11,H
160,12,H
160,13,H
160,14,H
160,15,H
160,16,H
160,17,H
160,18,H
160,19,H
160,20,O_1
160,21,O_1
160,22,O_2
160,23,O_2
160,24,O_2
160,25,O_2
160,26,O_2
160,27,O_2
160,28,O_2
160,29,O_2
160,30,O_2
160,31,O_2
160,32,F
161,0,H
161,1,H
161,2,H
161,3,H
161,4,H
161,5,B_1
161,6,B_1
161,7,B_2
161,8,B_2
161,9,F
162,0,H
162,1,H
162,2,H
162,3,H
162,4,H
162,5,H
162,6,H
162,7,H
162,8,H
162,9,H
162,10,H
162,11,O_1
162,12,O_1
162,13,O_1
162,14,O_1
162,15,O_1
162,16,O_1
162,17,O_1
162,18,O_1
162,19,O_1
162,20,O_1
162,21,O_1
162,22,O_1
162,23,O_1
162,24,O_1
162,25,O_1
162,26,O_1
162,27,O_1
162,28,O_1
162,29,O_1
162,30,O_1
162,31,O_1
162,32,O_1
162,33,O_1
162,34,O_1
162,35,O_1
162,36,O_1
162,37,O_1
162,38,O_1
162,39,O_1
162,40,O_1
162,41,O_1
162,42,O_1
162,43,O_1
162,44,O_1
162,45,O_1
162,46,O_2
162,47,O_2
162,48,O_2
162,49,O_2
162,50,O_2
162,51,O_2
162,52,O_2
162,53,O_2
162,54,O_2
162,55,F
163,0,H
163,1,H
163,2,H
163,3,H
163,4,H
163,5,H
163,6,H
163,7,H
163,8,H
163,9,H
163,10,H
163,11,H
163,12,H
163,13,H
163,14,H
163,15,H
163,16,H
163,17,H
163,18,H
163,19,H
163,20,H
163,21,H
163,22,H
163,23,H
163,24,H
163,25,H
163,26,H
163,27,H
163,28,H
163,29,H
163,30,H
163,31,H
163,32,H
163,33,O_1
163,34,O_1
163,35,O_1
163,36,O_1
163,37,O_1
163,38,O_1
163,39,O_1
163,40,O_1
163,41,O_1
163,42,O_1
163,43,O_1
163,44,O_1
163,45,O_1
163,46,O_1
163,47,O_1
163,48,O_1
163,49,O_1
163,50,O_1
163,51,O_1
163,52,O_1
163,53,O_1
163,54,O_1
163,55,O_1
163,56,O_1
163,57,O_1
163,58,O_1
163,59,O_1
163,60,O_1
163,61,O_1
163,62,O_1
163,63,O_1
163,64,O_1
163,65,O_1
163,66,O_1
163,67,O_1
163,68,O_1
163,69,O_1
163,70,O_1
163,71,O_1
163,72,O_1
163,73,O_1
163,74,O_1
163,75,O_1
163,76,O_1
163,77,O_1
163,78,O_1
163,79,O_1
163,80,O_1
163,81,O_1
163,82,O_1
163,83,O_1
163,84,O_1
163,85,O_1
163,86,O_1
163,87,O_1
163,88,O_1
163,89,O_1
163,90,O_1
163,91,O_1
163,92,O_1
163,93,O_1
163,94,O_1
163,95,O_1
163,96,O_1
163,97,O_1
163,98,O_2
163,99,O_2
163,100,O_2
163,101,O_2
163,102,F
164,0,H
164,1,H
164,2,H
164,3,H
164,4,H
164,5,H
164,6,H
164,7,B_1
164,8,B_1
164,9,B_1
164,10,B_2
164,11,F
165,0,H
165,1,O_1
165,2,O_1
165,3,O_1
165,4,O_1
165,5,O_1
165,6,O_1
165,7,O_1
165,8,O_1
165,9,O_1
165,10,O_1
165,11,O_1
165,12,O_1
165,13,O_1
165,14,O_1
165,15,O_1
165,16,O_1
165,17,O_1
165,18,O_2
165,19,O_2
165,20,O_2
165,21,O_2
165,22,O_2
165,23,O_2
165,24,O_2
165,25,O_2
165,26,O_2
165,27,O_2
165,28,O_2
165,29,F
166,0,H
166,1,H
166,2,I_1
166,3,I_1
166,4,I_1
166,5,I_1
166,6,I_2
166,7,I_2
166,8,I_2
166,9,I_2
166,10,I_2
166,11,I_2
166,12,I_2
166,13,F
167,0,H
167,1,H
167,2,I_1
167,3,I_2
167,4,F
168,0,H
168,1,H
168,2,H
168,3,I_1
168,4,I_1
168,5,I_1
168,6,I_1
168,7,I_2
168,8,I_2
168,9,I_2
168,10,I_2
168,11,I_2
168,12,I_2
168,13,I_2
168,14,I_2
168,15,F
169,0,H
169,1,H
169,2,H
169,3,H
169,4,I_1
169,5,I_1
169,6,I_1
169,7,I_2
169,8,I_2
169,9,I_2
169,10,I_2
169,11,F
170,0,H
170,1,H
170,2,O_1
170,3,O_1
170,4,O_1
170,5,O_1
170,6,O_1
170,7,O_2
170,8,O_2
170,9,F
171,0,H
171,1,H
171,2,H
171,3,H
171,4,H
171,5,H
171,6,H
171,7,H
171,8,H
171,9,H
171,10,H
171,11,O_1
171,12,O_1
171,13,O_1
171,14,O_1
171,15,O_1
171,16,O_1
171,17,O_1
171,18,O_1
171,19,O_1
171,20,O_1
171,21,O_2
171,22,F
172,0,H
172,1,H
172,2,H
172,3,B_1
172,4,B_2
172,5,B_2
172,6,B_2
172,7,F
173,0,H
173,1,H
173,2,H
173,3,H
173,4,H
173,5,H
173,6,H
173,7,H
173,8,H
173,9,I_1
173,10,I_1
173,11,I_1
173,12,I_1
173,13,I_1
173,14,I_1
173,15,I_1
173,16,I_1
173,17,I_1
173,18,I_1
173,19,I_1
173,20,I_1
173,21,I_1
173,22,I_1
173,23,I_1
173,24,I_1
173,25,I_1
173,26,I_1
173,27,I_1
173,28,I_2
173,29,I_2
173,30,I_2
173,31,I_2
173,32,I_2
173,33,I_2
173,34,I_2
173,35,I_2
173,36,I_2
173,37,I_2
173,38,I_2
173,39,I_2
173,40,F
174,0,H
174,1,H
174,2,H
174,3,H
174,4,H
174,5,B_1
174,6,B_2
174,7,B_2
174,8,F
175,0,H
175,1,H
175,2,H
175,3,H
175,4,H
175,5,H
175,6,H
175,7,H
175,8,H
175,9,H
175,10,H
175,11,H
175,12,H
175,13,H
175,14,H
175,15,O_1
175,16,O_1
175,17,O_1
175,18,O_1
175,19,O_1
175,20,O_2
175,21,O_2
175,22,O_2
175,23,O_2
175,24,O_2
175,25,O_2
175,26,O_2
175,27,O_2
175,28,O_2
175,29,O_2
175,30,O_2
175,31,O_2
175,32,O_2
175,33,O_2
175,34,O_2
175,35,O_2
175,36,O_2
175,37,O_2
175,38,O_2
175,39,O_2
175,40,O_2
175,41,O_2
175,42,O_2
175,43,O_2
175,44,O_2
175,45,O_2
175,46,O_2
175,47,O_2
175,48,O_2
175,49,O_2
175,50,O_2
175,51,O_2
175,52,O_2
175,53,F
176,0,H
176,1,H
176,2,H
176,3,H
176,4,H
176,5,H
176,6,O_1
176,7,O_1
176,8,O_1
176,9,O_1
176,10,O_1
176,11,O_1
176,12,O_1
176,13,O_1
176,14,O_1
176,15,O_1
176,16,O_1
176,17,O_1
176,18,O_1
176,19,O_1
176,20,O_1
176,21,O_1
176,22,O_1
176,23,O_1
176,24,O_1
176,25,O_1
176,26,O_1
176,27,O_1
176,28,O_1
176,29,O_1
176,30,O_1
176,31,O_1
176,32,O_1
176,33,O_2
176,34,O_2
176,35,O_2
176,36,O_2
176,37,F
177,0,H
177,1,H
177,2,H
177,3,H
177,4,H
177,5,H
177,6,H
177,7,H
177,8,H
177,9,H
177,10,H
177,11,H
177,12,H
177,13,H
177,14,H
177,15,H
177,16,H
177,17,H
177,18,H
177,19,H
177,20,H
177,21,H
177,22,H
177,23,O_1
177,24,O_2
177,25,O_2
177,26,O_2
177,27,O_2
177,28,O_2
177,29,O_2
177,30,O_2
177,31,O_2
177,32,O_2
177,33,O_2
177,34,O_2
177,35,O_2
177,36,O_2
177,37,O_2
177,38,O_2
177,39,O_2
177,40,O_2
177,41,O_2
177,42,O_2
177,43,F
178,0,H
178,1,H
178,2,H
178,3,H
178,4,H
178,5,H
178,6,H
178,7,H
178,8,H
178,9,H
178,10,H
178,11,H
178,12,H
178,13,H
178,14,H
178,15,H
178,16,H
178,17,H
178,18,H
178,19,H
178,20,H
178,21,H
178,22,H
178,23,H
178,24,H
178,25,H
178,26,H
178,27,H
178,28,H
178,29,B_1
178,30,B_1
178,31,B_2
178,32,B_2
178,33,F
179,0,H
179,1,I_1
179,2,I_1
179,3,I_1
179,4,I_1
179,5,I_1
179,6,I_1
179,7,I_2
179,8,F
180,0,H
180,1,H
180,2,H
180,3,H
180,4,H
180,5,H
180,6,H
180,7,H
180,8,H
180,9,H
180,10,H
180,11,H
180,12,B_1
180,13,B_1
180,14,B_2
180,15,B_2
180,16,B_2
180,17,F
181,0,H
181,1,H
181,2,O_1
181,3,O_1
181,4,O_1
181,5,O_1
181,6,O_1
181,7,O_1
181,8,O_1
181,9,O_1
181,10,O_1
181,11,O_1
181,12,O_1
181,13,O_1
181,14,O_1
181,15,O_1
181,16,O_1
181,17,O_1
181,18,O_1
181,19,O_1
181,20,O_1
181,21,O_1
181,22,O_1
181,23,O_1
181,24,O_1
181,25,O_1
181,26,O_1
181,27,O_2
181,28,F
182,0,H
182,1,H
182,2,H
182,3,H
182,4,H
182,5,H
182,6,H
182,7,H
182,8,B_1
182,9,B_2
182,10,F
183,0,H
183,1,H
183,2,H
183,3,H
183,4,H
183,5,H
183,6,H
183,7,O_1
183,8,O_1
183,9,O_1
183,10,O_1
183,11,O_1
183,12,O_1
183,13,O_1
183,14,O_1
183,15,O_1
183,16,O_1
183,17,O_1
183,18,O_2
183,19,O_2
183,20,O_2
183,21,O_2
183,22,O_2
183,23,O_2
183,24,O_2
183,25,O_2
183,26,O_2
183,27,O_2
183,28,O_2
183,29,O_2
183,30,O_2
183,31,O_2
183,32,O_2
183,33,O_2
183,34,O_2
183,35,O_2
183,36,O_2
183,37,O_2
183,38,O_2
183,39,O_2
183,40,O_2
183,41,O_2
183,42,O_2
183,43,O_2
183,44,O_2
183,45,O_2
183,46,O_2
183,47,O_2
183,48,O_2
183,49,O_2
183,50,O_2
183,51,O_2
183,52,O_2
183,53,O_2
183,54,O_2
183,55,O_2
183,56,O_2
183,57,O_2
183,58,O_2
183,59,O_2
183,60,O_2
183,61,F
184,0,H
184,1,H
184,2,H
184,3,H
184,4,H
184,5,H
184,6,H
184,7,H
184,8,O_1
184,9,O_1
184,10,O_1
184,11,O_1
184,12,O_1
184,13,O_1
184,14,O_1
184,15,O_1
184,16,O_1
184,17,O_2
184,18,F
185,0,H
185,1,H
185,2,H
185,3,H
185,4,H
185,5,H
185,6,H
185,7,H
185,8,H
185,9,H
185,10,H
185,11,H
185,12,H
185,13,H
185,14,H
185,15,H
185,16,H
185,17,H
185,18,H
185,19,H
185,20,H
185,21,H
185,22,B_1
185,23,B_1
185,24,B_1
185,25,B_1
185,26,B_2
185,27,B_2
185,28,B_2
185,29,F
186,0,H
186,1,H
186,2,H
186,3,H
186,4,H
186,5,H
186,6,H
186,7,O_1
186,8,O_1
186,9,O_2
186,10,O_2
186,11,O_2
186,12,O_2
186,13,F
187,0,H
187,1,H
187,2,H
187,3,B_1
187,4,B_1
187,5,B_1
187,6,B_1
187,7,B_2
187,8,B_2
187,9,F
188,0,H
188,1,H
188,2,H
188,3,H
188,4,H
188,5,O_1
188,6,O_1
188,7,O_1
188,8,O_1
188,9,O_1
188,10,O_1
188,11,O_1
188,12,O_1
188,13,O_1
188,14,O_1
188,15,O_1
188,16,O_2
188,17,O_2
188,18,O_2
188,19,O_2
188,20,O_2
188,21,O_2
188,22,O_2
188,23,O_2
188,24,F
189,0,H
189,1,H
189,2,H
189,3,H
189,4,H
189,5,H
189,6,H
189,7,H
189,8,H
189,9,H
189,10,H
189,11,H
189,12,H
189,13,H
189,14,H
189,15,H
189,16,H
189,17,H
189,18,H
189,19,H
189,20,H
189,21,H
189,22,H
189,23,H
189,24,H
189,25,H
189,26,H
189,27,H
189,28,H
189,29,H
189,30,H
189,31,H
189,32,H
189,33,H
189,34,H
189,35,H
189,36,H
189,37,H
189,38,H
189,39,H
189,40,H
189,41,H
189,42,H
189,43,H
189,44,H
189,45,H
189,46,H
189,47,H
189,48,H
189,49,H
189,50,H
189,51,H
189,52,H
189,53,H
189,54,O_1
189,55,O_1
189,56,O_1
189,57,O_1
189,58,O_1
189,59,O_1
189,60,O_1
189,61,O_1
189,62,O_1
189,63,O_2
189,64,O_2
189,65,F
190,0,H
190,1,H
190,2,H
190,3,H
190,4,H
190,5,H
190,6,H
190,7,H
190,8,H
190,9,H
190,10,H
190,11,O_1
190,12,O_2
190,13,O_2
190,14,O_2
190,15,O_2
190,16,O_2
190,17,O_2
190,18,O_2
190,19,O_2
190,20,O_2
190,21,O_2
190,22,O_2
190,23,O_2
190,24,O_2
190,25,O_2
190,26,O_2
190,27,O_2
190,28,O_2
190,29,O_2
190,30,O_2
190,31,O_2
190,32,O_2
190,33,O_2
190,34,O_2
190,35,O_2
190,36,O_2
190,37,O_2
190,38,O_2
190,39,O_2
190,40,O_2
190,41,O_2
190,42,O_2
190,43,O_2
190,44,O_2
190,45,O_2
190,46,O_2
190,47,O_2
190,48,O_2
190,49,O_2
190,50,F
191,0,H
191,1,H
191,2,H
191,3,H
191,4,H
191,5,H
191,6,H
191,7,H
191,8,O_1
191,9,O_1
191,10,O_1
191,11,O_1
191,12,O_1
191,13,O_1
191,14,O_1
191,15,O_1
191,16,O_1
191,17,O_1
191,18,O_1
191,19,O_2
191,20,O_2
191,21,O_2
191,22,O_2
191,23,O_2
191,24,F
192,0,H
192,1,H
192,2,H
192,3,H
192,4,H
192,5,H
192,6,O_1
192,7,O_1
192,8,O_1
192,9,O_1
192,10,O_2
192,11,O_2
192,12,O_2
192,13,O_2
192,14,O_2
192,15,O_2
192,16,F
193,0,H
193,1,O_1
193,2,O_1
193,3,O_1
193,4,O_1
193,5,O_1
193,6,O_1
193,7,O_1
193,8,O_1
193,9,O_1
193,10,O_1
193,11,O_1
193,12,O_1
193,13,O_2
193,14,F
194,0,H
194,1,H
194,2,O_1
194,3,O_2
194,4,O_2
194,5,O_2
194,6,F
195,0,H
195,1,H
195,2,H
195,3,H
195,4,H
195,5,H
195,6,H
195,7,H
195,8,H
195,9,H
195,10,O_1
195,11,O_1
195,12,O_2
195,13,O_2
195,14,O_2
195,15,O_2
195,16,O_2
195,17,O_2
195,18,O_2
195,19,O_2
195,20,O_2
195,21,O_2
195,22,O_2
195,23,O_2
195,24,O_2
195,25,O_2
195,26,O_2
195,27,O_2
195,28,O_2
195,29,O_2
195,30,O_2
195,31,O_2
195,32,O_2
195,33,O_2
195,34,O_2
195,35,O_2
195,36,O_2
195,37,O_2
195,38,O_2
195,39,O_2
195,40,O_2
195,41,F
196,0,H
196,1,H
196,2,H
196,3,O_1
196,4,O_2
196,5,O_2
196,6,O_2
196,7,O_2
196,8,O_2
196,9,O_2
196,10,O_2
196,11,O_2
196,12,O_2
196,13,O_2
196,14,O_2
196,15,O_2
196,16,O_2
196,17,O_2
196,18,O_2
196,19,O_2
196,20,O_2
196,21,O_2
196,22,O_2
196,23,O_2
196,24,O_2
196,25,F
197,0,H
197,1,H
197,2,H
197,3,H
197,4,H
197,5,H
197,6,H
197,7,H
197,8,H
197,9,H
197,10,H
197,11,H
197,12,H
197,13,H
197,14,H
197,15,H
197,16,H
197,17,H
197,18,H
197,19,H
197,20,H
197,21,H
197,22,H
197,23,O_1
197,24,O_1
197,25,O_1
197,26,O_1
197,27,O_1
197,28,O_1
197,29,O_1
197,30,O_1
197,31,O_1
197,32,O_1
197,33,O_1
197,34,O_1
197,35,O_2
197,36,O_2
197,37,O_2
197,38,O_2
197,39,O_2
197,40,O_2
197,41,O_2
197,42,O_2
197,43,O_2
197,44,O_2
197,45,O_2
197,46,F
198,0,H
198,1,H
198,2,H
198,3,H
198,4,O_1
198,5,O_1
198,6,O_1
198,7,O_1
198,8,O_1
198,9,O_1
198,10,O_1
198,11,O_1
198,12,O_1
198,13,O_1
198,14,O_1
198,15,O_1
198,16,O_1
198,17,O_1
198,18,O_1
198,19,O_1
198,20,O_1
198,21,O_1
198,22,O_1
198,23,O_1
198,24,O_1
198,25,O_1
198,26,O_1
198,27,O_1
198,28,O_1
198,29,O_1
198,30,O_1
198,31,O_1
198,32,O_1
198,33,O_1
198,34,O_1
198,35,O_1
198,36,O_1
198,37,O_1
198,38,O_1
198,39,O_1
198,40,O_1
198,41,O_1
198,42,O_1
198,43,O_1
198,44,O_1
198,45,O_2
198,46,O_2
198,47,O_2
198,48,O_2
198,49,O_2
198,50,O_2
198,51,O_2
198,52,O_2
198,53,O_2
198,54,O_2
198,55,O_2
198,56,O_2
198,57,F
199,0,H
199,1,H
199,2,H
199,3,H
199,4,H
199,5,H
199,6,H
199,7,H
199,8,H
199,9,H
199,10,H
199,11,H
199,12,H
199,13,H
199,14,H
199,15,H
199,16,H
199,17,H
199,18,H
199,19,B_1
199,20,B_1
199,21,B_2
199,22,F
200,0,H
200,1,B_1
200,2,B_1
200,3,B_1
200,4,B_1
200,5,B_1
200,6,B_2
200,7,B_2
200,8,B_2
200,9,F
201,0,H
201,1,H
201,2,H
201,3,H
201,4,H
201,5,H
201,6,H
201,7,I_1
201,8,I_1
201,9,I_1
201,10,I_1
201,11,I_1
201,12,I_2
201,13,I_2
201,14,F
202,0,H
202,1,H
202,2,H
202,3,H
202,4,H
202,5,H
202,6,H
202,7,H
202,8,H
202,9,H
202,10,H
202,11,H
202,12,H
202,13,H
202,14,H
202,15,H
202,16,H
202,17,H
202,18,H
202,19,H
202,20,H
202,21,H
202,22,O_1
202,23,O_1
202,24,O_1
202,25,O_1
202,26,O_1
202,27,O_1
202,28,O_1
202,29,O_1
202,30,O_1
202,31,O_1
202,32,O_1
202,33,O_1
202,34,O_1
202,35,O_1
202,36,O_1
202,37,O_1
202,38,O_1
202,39,O_1
202,40,O_1
202,41,O_1
202,42,O_1
202,43,O_2
202,44,O_2
202,45,O_2
202,46,F
203,0,H
203,1,H
203,2,H
203,3,H
203,4,H
203,5,H
203,6,H
203,7,H
203,8,H
203,9,H
203,10,H
203,11,H
203,12,H
203,13,H
203,14,H
203,15,I_1
203,16,I_1
203,17,I_1
203,18,I_1
203,19,I_1
203,20,I_1
203,21,I_2
203,22,I_2
203,23,I_2
203,24,I_2
203,25,I_2
203,26,I_2
203,27,F
204,0,H
204,1,H
204,2,H
204,3,H
204,4,H
204,5,H
204,6,H
204,7,O_1
204,8,O_1
204,9,O_1
204,10,O_1
204,11,O_1
204,12,O_1
204,13,O_1
204,14,O_1
204,15,O_2
204,16,O_2
204,17,O_2
204,18,O_2
204,19,O_2
204,20,O_2
204,21,O_2
204,22,O_2
204,23,O_2
204,24,O_2
204,25,O_2
204,26,F
205,0,H
205,1,H
205,2,H
205,3,H
205,4,H
205,5,H
205,6,H
205,7,H
205,8,H
205,9,H
205,10,H
205,11,H
205,12,H
205,13,H
205,14,H
205,15,H
205,16,H
205,17,H
205,18,H
205,19,H
205,20,H
205,21,H
205,22,H
205,23,H
205,24,H
205,25,H
205,26,H
205,27,H
205,28,H
205,29,H
205,30,H
205,31,H
205,32,H
205,33,H
205,34,H
205,35,H
205,36,H
205,37,H
205,38,H
205,39,H
205,40,I_1
205,41,I_1
205,42,I_1
205,43,I_1
205,44,I_2
205,45,F
206,0,H
206,1,H
206,2,H
206,3,H
206,4,H
206,5,H
206,6,H
206,7,H
206,8,H
206,9,H
206,10,O_1
206,11,O_1
206,12,O_1
206,13,O_1
206,14,O_1
206,15,O_1
206,16,O_1
206,17,O_1
206,18,O_1
206,19,O_1
206,20,O_1
206,21,O_1
206,22,O_1
206,23,O_1
206,24,O_1
206,25,O_1
206,26,O_1
206,27,O_1
206,28,O_1
206,29,O_1
206,30,O_1
206,31,O_1
206,32,O_1
206,33,O_1
206,34,O_1
206,35,O_1
206,36,O_2
206,37,O_2
206,38,O_2
206,39,O_2
206,40,O_2
206,41,O_2
206,42,O_2
206,43,O_2
206,44,O_2
206,45,O_2
206,46,O_2
206,47,O_2
206,48,F
207,0,H
207,1,H
207,2,H
207,3,H
207,4,H
207,5,H
207,6,H
207,7,H
207,8,I_1
207,9,I_1
207,10,I_1
207,11,I_2
207,12,I_2
207,13,I_2
207,14,I_2
207,15,I_2
207,16,I_2
207,17,F
208,0,H
208,1,H
208,2,O_1
208,3,O_1
208,4,O_1
208,5,O_1
208,6,O_1
208,7,O_1
208,8,O_1
208,9,O_1
208,10,O_1
208,11,O_1
208,12,O_1
208,13,O_1
208,14,O_2
208,15,O_2
208,16,F
209,0,H
209,1,H
209,2,B_1
209,3,B_1
209,4,B_1
209,5,B_1
209,6,B_2
209,7,B_2
209,8,B_2
209,9,B_2
209,10,B_2
209,11,B_2
209,12,B_2
209,13,F
210,0,H
210,1,H
210,2,H
210,3,H
210,4,H
210,5,H
210,6,H
210,7,H
210,8,H
210,9,H
210,10,H
210,11,H
210,12,H
210,13,H
210,14,H
210,15,H
210,16,O_1
210,17,O_1
210,18,O_1
210,19,O_2
210,20,O_2
210,21,O_2
210,22,O_2
210,23,O_2
210,24,O_2
210,25,O_2
210,26,O_2
210,27,F
211,0,H
211,1,H
211,2,H
211,3,H
211,4,H
211,5,H
211,6,H
211,7,H
211,8,H
211,9,H
211,10,H
211,11,H
211,12,H
211,13,H
211,14,H
211,15,H
211,16,H
211,17,H
211,18,H
211,19,H
211,20,H
211,21,H
211,22,I_1
211,23,I_1
211,24,I_1
211,25,I_1
211,26,I_1
211,27,I_1
211,28,I_1
211,29,I_1
211,30,I_2
211,31,F
212,0,H
212,1,H
212,2,H
212,3,H
212,4,H
212,5,H
212,6,H
212,7,H
212,8,I_1
212,9,I_1
212,10,I_1
212,11,I_1
212,12,I_1
212,13,I_1
212,14,I_1
212,15,I_1
212,16,I_1
212,17,I_1
212,18,I_1
212,19,I_1
212,20,I_1
212,21,I_2
212,22,I_2
212,23,I_2
212,24,I_2
212,25,F
213,0,H
213,1,H
213,2,H
213,3,H
213,4,H
213,5,H
213,6,H
213,7,H
213,8,B_1
213,9,B_2
213,10,F
214,0,H
214,1,H
214,2,H
214,3,H
214,4,H
214,5,H
214,6,H
214,7,H
214,8,H
214,9,H
214,10,H
214,11,H
214,12,H
214,13,H
214,14,H
214,15,H
214,16,H
214,17,H
214,18,H
214,19,H
214,20,H
214,21,H
214,22,H
214,23,H
214,24,O_1
214,25,O_1
214,26,O_1
214,27,O_2
214,28,O_2
214,29,O_2
214,30,O_2
214,31,O_2
214,32,O_2
214,33,O_2
214,34,O_2
214,35,O_2
214,36,O_2
214,37,O_2
214,38,O_2
214,39,O_2
214,40,O_2
214,41,O_2
214,42,O_2
214,43,O_2
214,44,O_2
214,45,O_2
214,46,O_2
214,47,O_2
214,48,O_2
214,49,O_2
214,50,F
215,0,H
215,1,H
215,2,H
215,3,I_1
215,4,I_1
215,5,I_1
215,6,I_2
215,7,I_2
215,8,F
216,0,H
216,1,H
216,2,O_1
216,3,O_1
216,4,O_1
216,5,O_1
216,6,O_1
216,7,O_1
216,8,O_1
216,9,O_1
216,10,O_1
216,11,O_1
216,12,O_1
216,13,O_1
216,14,O_1
216,15,O_1
216,16,O_1
216,17,O_1
216,18,O_1
216,19,O_1
216,20,O_1
216,21,O_1
216,22,O_1
216,23,O_1
216,24,O_1
216,25,O_1
216,26,O_1
216,27,O_1
216,28,O_1
216,29,O_2
216,30,O_2
216,31,O_2
216,32,F
217,0,H
217,1,H
217,2,H
217,3,H
217,4,H
217,5,H
217,6,H
217,7,O_1
217,8,O_1
217,9,O_2
217,10,F
218,0,H
218,1,H
218,2,H
218,3,H
218,4,O_1
218,5,O_1
218,6,O_2
218,7,O_2
218,8,O_2
218,9,F
219,0,H
219,1,H
219,2,H
219,3,H
219,4,H
219,5,H
219,6,H
219,7,H
219,8,H
219,9,I_1
219,10,I_1
219,11,I_1
219,12,I_1
219,13,I_2
219,14,I_2
219,15,I_2
219,16,I_2
219,17,I_2
219,18,I_2
219,19,I_2
219,20,I_2
219,21,F
220,0,H
220,1,H
220,2,H
220,3,H
220,4,H
220,5,H
220,6,H
220,7,O_1
220,8,O_1
220,9,O_1
220,10,O_2
220,11,O_2
220,12,O_2
220,13,O_2
220,14,F
221,0,H
221,1,H
221,2,H
221,3,O_1
221,4,O_1
221,5,O_1
221,6,O_1
221,7,O_1
221,8,O_1
221,9,O_1
221,10,O_1
221,11,O_2
221,12,O_2
221,13,O_2
221,14,O_2
221,15,F
222,0,H
222,1,H
222,2,H
222,3,H
222,4,H
222,5,I_1
222,6,I_1
222,7,I_1
222,8,I_2
222,9,I_2
222,10,I_2
222,11,I_2
222,12,I_2
222,13,I_2
222,14,I_2
222,15,I_2
222,16,I_2
222,17,I_2
222,18,F
223,0,H
223,1,H
223,2,H
223,3,H
223,4,H
223,5,H
223,6,H
223,7,H
223,8,H
223,9,H
223,10,H
223,11,H
223,12,H
223,13,H
223,14,H
223,15,H
223,16,H
223,17,B_1
223,18,B_1
223,19,B_1
223,20,B_2
223,21,B_2
223,22,B_2
223,23,F
224,0,H
224,1,H
224,2,H
224,3,H
224,4,H
224,5,H
224,6,H
224,7,O_1
224,8,O_1
224,9,O_1
224,10,O_1
224,11,O_1
224,12,O_2
224,13,O_2
224,14,O_2
224,15,O_2
224,16,O_2
224,17,O_2
224,18,O_2
224,19,O_2
224,20,O_2
224,21,O_2
224,22,O_2
224,23,O_2
224,24,O_2
224,25,O_2
224,26,O_2
224,27,O_2
224,28,O_2
224,29,O_2
224,30,O_2
224,31,F
225,0,H
225,1,H
225,2,H
225,3,I_1
225,4,I_1
225,5,I_1
225,6,I_2
225,7,I_2
225,8,I_2
225,9,I_2
225,10,I_2
225,11,I_2
225,12,I_2
225,13,I_2
225,14,I_2
225,15,I_2
225,16,I_2
225,17,F
226,0,H
226,1,H
226,2,H
226,3,H
226,4,H
226,5,H
226,6,H
226,7,H
226,8,H
226,9,H
226,10,H
226,11,H
226,12,H
226,13,H
226,14,H
226,15,H
226,16,H
226,17,H
226,18,H
226,19,H
226,20,H
226,21,O_1
226,22,O_1
226,23,O_1
226,24,O_1
226,25,O_1
226,26,O_2
226,27,O_2
226,28,O_2
226,29,O_2
226,30,O_2
226,31,O_2
226,32,O_2
226,33,O_2
226,34,O_2
226,35,O_2
226,36,O_2
226,37,O_2
226,38,O_2
226,39,O_2
226,40,O_2
226,41,O_2
226,42,O_2
226,43,O_2
226,44,O_2
226,45,F
227,0,H
227,1,H
227,2,H
227,3,H
227,4,H
227,5,H
227,6,H
227,7,H
227,8,H
227,9,H
227,10,H
227,11,H
227,12,H
227,13,O_1
227,14,O_1
227,15,O_1
227,16,O_1
227,17,O_1
227,18,O_1
227,19,O_1
227,20,O_1
227,21,O_1
227,22,O_1
227,23,O_1
227,24,O_1
227,25,O_1
227,26,O_1
227,27,O_1
227,28,O_1
227,29,O_1
227,30,O_1
227,31,O_1
227,32,O_1
227,33,O_1
227,34,O_1
227,35,O_1
227,36,O_2
227,37,O_2
227,38,O_2
227,39,O_2
227,40,O_2
227,41,O_2
227,42,F
228,0,H
228,1,H
228,2,H
228,3,H
228,4,H
228,5,H
228,6,H
228,7,H
228,8,H
228,9,H
228,10,H
228,11,H
228,12,H
228,13,H
228,14,H
228,15,H
228,16,I_1
228,17,I_2
228,18,I_2
228,19,F
229,0,H
229,1,H
229,2,B_1
229,3,B_1
229,4,B_2
229,5,B_2
229,6,F
230,0,H
230,1,H
230,2,H
230,3,H
230,4,H
230,5,O_1
230,6,O_1
230,7,O_1
230,8,O_1
230,9,O_1
230,10,O_2
230,11,O_2
230,12,O_2
230,13,O_2
230,14,O_2
230,15,O_2
230,16,O_2
230,17,O_2
230,18,O_2
230,19,O_2
230,20,O_2
230,21,O_2
230,22,O_2
230,23,O_2
230,24,F
231,0,H
231,1,H
231,2,H
231,3,H
231,4,H
231,5,H
231,6,H
231,7,H
231,8,H
231,9,H
231,10,H
231,11,H
231,12,H
231,13,H
231,14,H
231,15,H
231,16,H
231,17,H
231,18,H
231,19,H
231,20,H
231,21,O_1
231,22,O_1
231,23,O_1
231,24,O_1
231,25,O_1
231,26,O_2
231,27,O_2
231,28,O_2
231,29,O_2
231,30,O_2
231,31,O_2
231,32,O_2
231,33,O_2
231,34,F
232,0,H
232,1,H
232,2,H
232,3,H
232,4,H
232,5,H
232,6,H
232,7,H
232,8,H
232,9,H
232,10,H
232,11,H
232,12,B_1
232,13,B_1
232,14,B_1
232,15,B_1
232,16,B_2
232,17,F
233,0,H
233,1,I_1
233,2,I_1
233,3,I_1
233,4,I_1
233,5,I_1
233,6,I_1
233,7,I_1
233,8,I_1
233,9,I_1
233,10,I_1
233,11,I_1
233,12,I_1
233,13,I_1
233,14,I_1
233,15,I_1
233,16,I_1
233,17,I_1
233,18,I_1
233,19,I_1
233,20,I_2
233,21,I_2
233,22,F
234,0,H
234,1,H
234,2,O_1
234,3,O_1
234,4,O_1
234,5,O_1
234,6,O_1
234,7,O_2
234,8,O_2
234,9,O_2
234,10,O_2
234,11,O_2
234,12,O_2
234,13,O_2
234,14,O_2
234,15,O_2
234,16,F
235,0,H
235,1,H
235,2,H
235,3,H
235,4,H
235,5,H
235,6,H
235,7,H
235,8,H
235,9,H
235,10,O_1
235,11,O_1
235,12,O_1
235,13,O_1
235,14,O_1
235,15,O_1
235,16,O_1
235,17,O_1
235,18,O_1
235,19,O_1
235,20,O_1
235,21,O_1
235,22,O_1
235,23,O_1
235,24,O_1
235,25,O_1
235,26,O_2
235,27,O_2
235,28,O_2
235,29,O_2
235,30,O_2
235,31,O_2
235,32,F
236,0,H
236,1,H
236,2,H
236,3,I_1
236,4,I_2
236,5,I_2
236,6,I_2
236,7,I_2
236,8,I_2
236,9,I_2
236,10,I_2
236,11,I_2
236,12,I_2
236,13,I_2
236,14,I_2
236,15,I_2
236,16,I_2
236,17,I_2
236,18,I_2
236,19,I_2
236,20,I_2
236,21,I_2
236,22,F
237,0,H
237,1,H
237,2,H
237,3,H
237,4,H
237,5,H
237,6,H
237,7,H
237,8,I_1
237,9,I_1
237,10,I_1
237,11,I_1
237,12,I_1
237,13,I_2
237,14,F
238,0,H
238,1,H
238,2,H
238,3,H
238,4,O_1
238,5,O_1
238,6,O_1
238,7,O_1
238,8,O_2
238,9,O_2
238,10,O_2
238,11,O_2
238,12,O_2
238,13,O_2
238,14,O_2
238,15,O_2
238,16,O_2
238,17,O_2
238,18,O_2
238,19,O_2
238,20,F
239,0,H
239,1,H
239,2,H
239,3,H
239,4,H
239,5,H
239,6,H
239,7,H
239,8,H
239,9,H
239,10,H
239,11,O_1
239,12,O_2
239,13,O_2
239,14,O_2
239,15,O_2
239,16,O_2
239,17,O_2
239,18,O_2
239,19,O_2
239,20,F
240,0,H
240,1,H
240,2,H
240,3,H
240,4,H
240,5,B_1
240,6,B_2
240,7,B_2
240,8,F
241,0,H
241,1,I_1
241,2,I_1
241,3,I_2
241,4,I_2
241,5,I_2
241,6,I_2
241,7,I_2
241,8,I_2
241,9,F
242,0,H
242,1,B_1
242,2,B_1
242,3,B_2
242,4,F
243,0,H
243,1,H
243,2,H
243,3,O_1
243,4,O_1
243,5,O_1
243,6,O_1
243,7,O_1
243,8,O_1
243,9,O_1
243,10,O_1
243,11,O_1
243,12,O_1
243,13,O_1
243,14,O_1
243,15,O_1
243,16,O_1
243,17,O_1
243,18,O_1
243,19,O_1
243,20,O_1
243,21,O_2
243,22,O_2
243,23,O_2
243,24,O_2
243,25,F
244,0,H
244,1,H
244,2,H
244,3,H
244,4,H
244,5,H
244,6,H
244,7,B_1
244,8,B_1
244,9,B_2
244,10,F
245,0,H
245,1,H
245,2,H
245,3,H
245,4,H
245,5,H
245,6,H
245,7,H
245,8,H
245,9,H
245,10,H
245,11,H
245,12,H
245,13,H
245,14,H
245,15,H
245,16,H
245,17,H
245,18,O_1
245,19,O_1
245,20,O_1
245,21,O_1
245,22,O_2
245,23,O_2
245,24,O_2
245,25,O_2
245,26,O_2
245,27,O_2
245,28,O_2
245,29,O_2
245,30,O_2
245,31,O_2
245,32,O_2
245,33,O_2
245,34,O_2
245,35,O_2
245,36,O_2
245,37,O_2
245,38,O_2
245,39,O_2
245,40,O_2
245,41,O_2
245,42,O_2
245,43,F
246,0,H
246,1,H
246,2,H
246,3,H
246,4,H
246,5,O_1
246,6,O_1
246,7,O_1
246,8,O_1
246,9,O_1
246,10,O_1
246,11,O_1
246,12,O_1
246,13,O_1
246,14,O_1
246,15,O_1
246,16,O_2
246,17,O_2
246,18,O_2
246,19,O_2
246,20,O_2
246,21,O_2
246,22,O_2
246,23,O_2
246,24,O_2
246,25,O_2
246,26,O_2
246,27,O_2
246,28,O_2
246,29,O_2
246,30,O_2
246,31,O_2
246,32,O_2
246,33,O_2
246,34,O_2
246,35,O_2
246,36,O_2
246,37,O_2
246,38,O_2
246,39,O_2
246,40,O_2
246,41,O_2
246,42,O_2
246,43,O_2
246,44,O_2
246,45,O_2
246,46,O_2
246,47,O_2
246,48,O_2
246,49,O_2
246,50,O_2
246,51,F
247,0,H
247,1,H
247,2,O_1
247,3,O_1
247,4,O_1
247,5,O_1
247,6,O_1
247,7,O_2
247,8,F
248,0,H
248,1,H
248,2,H
248,3,H
248,4,H
248,5,H
248,6,H
248,7,H
248,8,H
248,9,H
248,10,H
248,11,H
248,12,H
248,13,O_1
248,14,O_1
248,15,O_2
248,16,O_2
248,17,O_2
248,18,O_2
248,19,O_2
248,20,O_2
248,21,O_2
248,22,O_2
248,23,F
249,0,H
249,1,H
249,2,H
249,3,H
249,4,H
249,5,H
249,6,H
249,7,B_1
249,8,B_1
249,9,B_1
249,10,B_1
249,11,B_2
249,12,F
250,0,H
250,1,H
250,2,H
250,3,H
250,4,H
250,5,H
250,6,H
250,7,H
250,8,I_1
250,9,I_1
250,10,I_1
250,11,I_1
250,12,I_2
250,13,I_2
250,14,I_2
250,15,F
251,0,H
251,1,H
251,2,H
251,3,H
251,4,B_1
251,5,B_1
251,6,B_1
251,7,B_1
251,8,B_2
251,9,B_2
251,10,B_2
251,11,B_2
251,12,F
252,0,H
252,1,H
252,2,O_1
252,3,O_2
252,4,O_2
252,5,F
253,0,H
253,1,H
253,2,H
253,3,B_1
253,4,B_1
253,5,B_2
253,6,F
254,0,H
254,1,H
254,2,H
254,3,H
254,4,H
254,5,H
254,6,H
254,7,H
254,8,H
254,9,H
254,10,H
254,11,H
254,12,H
254,13,H
254,14,H
254,15,H
254,16,H
254,17,H
254,18,H
254,19,H
254,20,H
254,21,H
254,22,H
254,23,I_1
254,24,I_1
254,25,I_1
254,26,I_1
254,27,I_1
254,28,I_1
254,29,I_1
254,30,I_1
254,31,I_1
254,32,I_1
254,33,I_1
254,34,I_1
254,35,I_1
254,36,I_1
254,37,I_1
254,38,I_2
254,39,I_2
254,40,F
255,0,H
255,1,H
255,2,H
255,3,O_1
255,4,O_1
255,5,O_1
255,6,O_1
255,7,O_1
255,8,O_1
255,9,O_1
255,10,O_1
255,11,O_1
255,12,O_1
255,13,O_1
255,14,O_1
255,15,O_1
255,16,O_1
255,17,O_1
255,18,O_1
255,19,O_1
255,20,O_1
255,21,O_1
255,22,O_1
255,23,O_1
255,24,O_1
255,25,O_1
255,26,O_1
255,27,O_2
255,28,O_2
255,29,O_2
255,30,F
256,0,H
256,1,H
256,2,H
256,3,H
256,4,H
256,5,H
256,6,H
256,7,H
256,8,O_1
256,9,O_1
256,10,O_1
256,11,O_1
256,12,O_1
256,13,O_1
256,14,O_1
256,15,O_1
256,16,O_1
256,17,O_1
256,18,O_2
256,19,O_2
256,20,O_2
256,21,O_2
256,22,O_2
256,23,O_2
256,24,O_2
256,25,O_2
256,26,O_2
256,27,F
257,0,H
257,1,H
257,2,H
257,3,H
257,4,B_1
257,5,B_1
257,6,B_1
257,7,B_1
257,8,B_2
257,9,B_2
257,10,F
258,0,H
258,1,H
258,2,H
258,3,H
258,4,H
258,5,H
258,6,H
258,7,H
258,8,H
258,9,H
258,10,H
258,11,H
258,12,H
258,13,H
258,14,H
258,15,B_1
258,16,B_1
258,17,B_1
258,18,B_2
258,19,B_2
258,20,F
259,0,H
259,1,H
259,2,H
259,3,H
259,4,H
259,5,H
259,6,H
259,7,H
259,8,H
259,9,H
259,10,H
259,11,H
259,12,H
259,13,H
259,14,H
259,15,H
259,16,H
259,17,H
259,18,H
259,19,H
259,20,H
259,21,H
259,22,H
259,23,H
259,24,I_1
259,25,I_1
259,26,I_1
259,27,I_2
259,28,I_2
259,29,I_2
259,30,I_2
259,31,I_2
259,32,I_2
259,33,I_2
259,34,I_2
259,35,I_2
259,36,I_2
259,37,I_2
259,38,I_2
259,39,I_2
259,40,I_2
259,41,I_2
259,42,F
260,0,H
260,1,H
260,2,H
260,3,H
260,4,H
260,5,H
260,6,H
260,7,H
260,8,H
260,9,H
260,10,H
260,11,H
260,12,H
260,13,H
260,14,H
260,15,H
260,16,H
260,17,H
260,18,H
260,19,H
260,20,H
260,21,H
260,22,H
260,23,H
260,24,H
260,25,I_1
260,26,I_1
260,27,I_1
260,28,I_2
260,29,I_2
260,30,I_2
260,31,F
261,0,H
261,1,O_1
261,2,O_1
261,3,O_1
261,4,O_1
261,5,O_1
261,6,O_2
261,7,O_2
261,8,O_2
261,9,O_2
261,10,O_2
261,11,F
262,0,H
262,1,H
262,2,H
262,3,O_1
262,4,O_2
262,5,O_2
262,6,O_2
262,7,O_2
262,8,O_2
262,9,O_2
262,10,O_2
262,11,O_2
262,12,O_2
262,13,O_2
262,14,O_2
262,15,O_2
262,16,O_2
262,17,O_2
262,18,F
263,0,H
263,1,H
263,2,H
263,3,H
263,4,H
263,5,H
263,6,O_1
263,7,O_1
263,8,O_1
263,9,O_1
263,10,O_2
263,11,O_2
263,12,F
264,0,H
264,1,H
264,2,H
264,3,H
264,4,H
264,5,I_1
264,6,I_1
264,7,I_2
264,8,I_2
264,9,F
265,0,H
265,1,H
265,2,H
265,3,H
265,4,H
265,5,H
265,6,I_1
265,7,I_1
265,8,I_2
265,9,I_2
265,10,F
266,0,H
266,1,H
266,2,H
266,3,O_1
266,4,O_1
266,5,O_2
266,6,O_2
266,7,O_2
266,8,O_2
266,9,O_2
266,10,O_2
266,11,F
267,0,H
267,1,O_1
267,2,O_1
267,3,O_1
267,4,O_1
267,5,O_1
267,6,O_1
267,7,O_1
267,8,O_1
267,9,O_2
267,10,O_2
267,11,O_2
267,12,O_2
267,13,O_2
267,14,O_2
267,15,O_2
267,16,O_2
267,17,O_2
267,18,O_2
267,19,O_2
267,20,O_2
267,21,O_2
267,22,O_2
267,23,O_2
267,24,O_2
267,25,O_2
267,26,O_2
267,27,O_2
267,28,O_2
267,29,O_2
267,30,O_2
267,31,O_2
267,32,O_2
267,33,O_2
267,34,O_2
267,35,O_2
267,36,F
268,0,H
268,1,H
268,2,H
268,3,H
268,4,H
268,5,H
268,6,H
268,7,H
268,8,H
268,9,H
268,10,H
268,11,H
268,12,H
268,13,H
268,14,H
268,15,H
268,16,H
268,17,O_1
268,18,O_1
268,19,O_1
268,20,O_2
268,21,F
269,0,H
269,1,H
269,2,H
269,3,O_1
269,4,O_2
269,5,O_2
269,6,O_2
269,7,O_2
269,8,O_2
269,9,O_2
269,10,O_2
269,11,O_2
269,12,O_2
269,13,F
270,0,H
270,1,H
270,2,H
270,3,H
270,4,O_1
270,5,O_1
270,6,O_1
270,7,O_1
270,8,O_1
270,9,O_1
270,10,O_1
270,11,O_1
270,12,O_1
270,13,O_1
270,14,O_1
270,15,O_1
270,16,O_1
270,17,O_2
270,18,O_2
270,19,O_2
270,20,O_2
270,21,O_2
270,22,O_2
270,23,O_2
270,24,O_2
270,25,O_2
270,26,F
271,0,H
271,1,H
271,2,H
271,3,H
271,4,H
271,5,H
271,6,H
271,7,H
271,8,H
271,9,H
271,10,H
271,11,H
271,12,H
271,13,H
271,14,H
271,15,H
271,16,H
271,17,O_1
271,18,O_2
271,19,F
272,0,H
272,1,I_1
272,2,I_1
272,3,I_1
272,4,I_1
272,5,I_1
272,6,I_1
272,7,I_1
272,8,I_1
272,9,I_1
272,10,I_2
272,11,I_2
272,12,I_2
272,13,I_2
272,14,I_2
272,15,F
273,0,H
273,1,H
273,2,H
273,3,H
273,4,H
273,5,H
273,6,H
273,7,H
273,8,H
273,9,H
273,10,H
273,11,H
273,12,O_1
273,13,O_1
273,14,O_1
273,15,O_1
273,16,O_1
273,17,O_1
273,18,O_1
273,19,O_1
273,20,O_1
273,21,O_2
273,22,O_2
273,23,O_2
273,24,O_2
273,25,O_2
273,26,O_2
273,27,O_2
273,28,O_2
273,29,O_2
273,30,O_2
273,31,O_2
273,32,O_2
273,33,O_2
273,34,F
274,0,H
274,1,O_1
274,2,O_1
274,3,O_1
274,4,O_1
274,5,O_1
274,6,O_1
274,7,O_1
274,8,O_1
274,9,O_1
274,10,O_1
274,11,O_1
274,12,O_1
274,13,O_1
274,14,O_1
274,15,O_1
274,16,O_1
274,17,O_1
274,18,O_1
274,19,O_2
274,20,O_2
274,21,O_2
274,22,O_2
274,23,O_2
274,24,O_2
274,25,O_2
274,26,O_2
274,27,O_2
274,28,O_2
274,29,O_2
274,30,O_2
274,31,O_2
274,32,F
275,0,H
275,1,H
275,2,H
275,3,H
275,4,H
275,5,H
275,6,H
275,7,I_1
275,8,I_1
275,9,I_1
275,10,I_2
275,11,I_2
275,12,F
276,0,H
276,1,H
276,2,H
276,3,H
276,4,I_1
276,5,I_1
276,6,I_1
276,7,I_1
276,8,I_1
276,9,I_1
276,10,I_1
276,11,I_1
276,12,I_2
276,13,I_2
276,14,I_2
276,15,I_2
276,16,F
277,0,H
277,1,H
277,2,H
277,3,H
277,4,H
277,5,H
277,6,H
277,7,H
277,8,H
277,9,H
277,10,H
277,11,H
277,12,H
277,13,H
277,14,H
277,15,H
277,16,H
277,17,H
277,18,H
277,19,H
277,20,H
277,21,H
277,22,H
277,23,H
277,24,H
277,25,H
277,26,H
277,27,H
277,28,H
277,29,H
277,30,H
277,31,H
277,32,H
277,33,H
277,34,H
277,35,H
277,36,H
277,37,H
277,38,H
277,39,H
277,40,O_1
277,41,O_1
277,42,O_1
277,43,O_1
277,44,O_2
277,45,O_2
277,46,O_2
277,47,O_2
277,48,O_2
277,49,O_2
277,50,O_2
277,51,O_2
277,52,O_2
277,53,O_2
277,54,O_2
277,55,O_2
277,56,O_2
277,57,O_2
277,58,O_2
277,59,O_2
277,60,O_2
277,61,O_2
277,62,O_2
277,63,O_2
277,64,O_2
277,65,O_2
277,66,O_2
277,67,O_2
277,68,O_2
277,69,O_2
277,70,O_2
277,71,O_2
277,72,O_2
277,73,F
278,0,H
278,1,H
278,2,H
278,3,H
278,4,H
278,5,H
278,6,H
278,7,H
278,8,H
278,9,H
278,10,H
278,11,H
278,12,H
278,13,H
278,14,H
278,15,I_1
278,16,I_1
278,17,I_1
278,18,I_1
278,19,I_2
278,20,I_2
278,21,I_2
278,22,I_2
278,23,I_2
278,24,I_2
278,25,I_2
278,26,I_2
278,27,I_2
278,28,I_2
278,29,F
279,0,H
279,1,H
279,2,H
279,3,H
279,4,H
279,5,H
279,6,H
279,7,H
279,8,H
279,9,H
279,10,H
279,11,H
279,12,H
279,13,H
279,14,H
279,15,H
279,16,I_1
279,17,I_1
279,18,I_2
279,19,I_2
279,20,I_2
279,21,I_2
279,22,F
280,0,H
280,1,H
280,2,H
280,3,H
280,4,H
280,5,I_1
280,6,I_2
280,7,I_2
280,8,I_2
280,9,I_2
280,10,I_2
280,11,I_2
280,12,I_2
280,13,I_2
280,14,I_2
280,15,I_2
280,16,F
281,0,H
281,1,H
281,2,H
281,3,H
281,4,H
281,5,H
281,6,H
281,7,O_1
281,8,O_1
281,9,O_1
281,10,O_1
281,11,O_2
281,12,O_2
281,13,O_2
281,14,O_2
281,15,O_2
281,16,O_2
281,17,O_2
281,18,O_2
281,19,O_2
281,20,F
282,0,H
282,1,H
282,2,H
282,3,H
282,4,H
282,5,H
282,6,H
282,7,H
282,8,I_1
282,9,I_2
282,10,I_2
282,11,I_2
282,12,I_2
282,13,I_2
282,14,F
283,0,H
283,1,H
283,2,H
283,3,H
283,4,H
283,5,H
283,6,H
283,7,H
283,8,H
283,9,H
283,10,B_1
283,11,B_1
283,12,B_1
283,13,B_1
283,14,B_1
283,15,B_2
283,16,B_2
283,17,B_2
283,18,F
284,0,H
284,1,O_1
284,2,O_1
284,3,O_1
284,4,O_1
284,5,O_1
284,6,O_1
284,7,O_1
284,8,O_1
284,9,O_1
284,10,O_1
284,11,O_1
284,12,O_1
284,13,O_1
284,14,O_1
284,15,O_1
284,16,O_1
284,17,O_1
284,18,O_1
284,19,O_2
284,20,O_2
284,21,O_2
284,22,O_2
284,23,O_2
284,24,O_2
284,25,O_2
284,26,O_2
284,27,F
285,0,H
285,1,H
285,2,H
285,3,H
285,4,H
285,5,H
285,6,O_1
285,7,O_1
285,8,O_1
285,9,O_1
285,10,O_1
285,11,O_1
285,12,O_1
285,13,O_1
285,14,O_1
285,15,O_1
285,16,O_1
285,17,O_1
285,18,O_1
285,19,O_1
285,20,O_1
285,21,O_1
285,22,O_1
285,23,O_1
285,24,O_1
285,25,O_1
285,26,O_1
285,27,O_1
285,28,O_1
285,29,O_1
285,30,O_1
285,31,O_1
285,32,O_1
285,33,O_1
285,34,O_1
285,35,O_1
285,36,O_1
285,37,O_1
285,38,O_1
285,39,O_1
285,40,O_1
285,41,O_1
285,42,O_1
285,43,O_1
285,44,O_2
285,45,O_2
285,46,O_2
285,47,F
286,0,H
286,1,H
286,2,H
286,3,H
286,4,H
286,5,H
286,6,O_1
286,7,O_1
286,8,O_1
286,9,O_1
286,10,O_1
286,11,O_1
286,12,O_1
286,13,O_1
286,14,O_1
286,15,O_1
286,16,O_1
286,17,O_1
286,18,O_2
286,19,O_2
286,20,O_2
286,21,O_2
286,22,F
287,0,H
287,1,H
287,2,H
287,3,H
287,4,H
287,5,H
287,6,H
287,7,H
287,8,H
287,9,H
287,10,H
287,11,H
287,12,H
287,13,H
287,14,H
287,15,H
287,16,H
287,17,H
287,18,B_1
287,19,B_1
287,20,B_1
287,21,B_1
287,22,B_1
287,23,B_2
287,24,B_2
287,25,B_2
287,26,F
288,0,H
288,1,H
288,2,H
288,3,H
288,4,H
288,5,B_1
288,6,B_1
288,7,B_1
288,8,B_1
288,9,B_1
288,10,B_1
288,11,B_1
288,12,B_2
288,13,B_2
288,14,B_2
288,15,F
289,0,H
289,1,H
289,2,B_1
289,3,B_2
289,4,F
290,0,H
290,1,H
290,2,O_1
290,3,O_1
290,4,O_1
290,5,O_1
290,6,O_1
290,7,O_1
290,8,O_1
290,9,O_1
290,10,O_1
290,11,O_1
290,12,O_1
290,13,O_1
290,14,O_1
290,15,O_1
290,16,O_1
290,17,O_1
290,18,O_1
290,19,O_1
290,20,O_1
290,21,O_1
290,22,O_1
290,23,O_1
290,24,O_1
290,25,O_1
290,26,O_1
290,27,O_1
290,28,O_1
290,29,O_1
290,30,O_1
290,31,O_1
290,32,O_1
290,33,O_1
290,34,O_1
290,35,O_2
290,36,O_2
290,37,F
291,0,H
291,1,H
291,2,H
291,3,H
291,4,H
291,5,H
291,6,H
291,7,H
291,8,H
291,9,H
291,10,H
291,11,H
291,12,O_1
291,13,O_1
291,14,O_2
291,15,O_2
291,16,O_2
291,17,O_2
291,18,O_2
291,19,O_2
291,20,O_2
291,21,O_2
291,22,F
292,0,H
292,1,H
292,2,H
292,3,H
292,4,H
292,5,H
292,6,H
292,7,O_1
292,8,O_1
292,9,O_1
292,10,O_1
292,11,O_1
292,12,O_1
292,13,O_1
292,14,O_1
292,15,O_1
292,16,O_1
292,17,O_1
292,18,O_2
292,19,O_2
292,20,O_2
292,21,O_2
292,22,O_2
292,23,O_2
292,24,O_2
292,25,O_2
292,26,O_2
292,27,O_2
292,28,O_2
292,29,O_2
292,30,O_2
292,31,O_2
292,32,O_2
292,33,O_2
292,34,O_2
292,35,O_2
292,36,F
293,0,H
293,1,O_1
293,2,O_1
293,3,O_1
293,4,O_1
293,5,O_1
293,6,O_1
293,7,O_1
293,8,O_1
293,9,O_1
293,10,O_1
293,11,O_1
293,12,O_1
293,13,O_1
293,14,O_1
293,15,O_1
293,16,O_1
293,17,O_1
293,18,O_1
293,19,O_1
293,20,O_1
293,21,O_2
293,22,O_2
293,23,O_2
293,24,O_2
293,25,O_2
293,26,O_2
293,27,O_2
293,28,O_2
293,29,O_2
293,30,O_2
293,31,O_2
293,32,O_2
293,33,O_2
293,34,O_2
293,35,O_2
293,36,O_2
293,37,O_2
293,38,O_2
293,39,O_2
293,40,O_2
293,41,O_2
293,42,O_2
293,43,O_2
293,44,O_2
293,45,O_2
293,46,O_2
293,47,O_2
293,48,O_2
293,49,O_2
293,50,O_2
293,51,O_2
293,52,O_2
293,53,O_2
293,54,O_2
293,55,O_2
293,56,O_2
293,57,O_2
293,58,O_2
293,59,O_2
293,60,O_2
293,61,O_2
293,62,O_2
293,63,O_2
293,64,O_2
293,65,O_2
293,66,O_2
293,67,O_2
293,68,O_2
293,69,O_2
293,70,O_2
293,71,O_2
293,72,O_2
293,73,O_2
293,74,O_2
293,75,F
294,0,H
294,1,H
294,2,H
294,3,H
294,4,H
294,5,H
294,6,H
294,7,H
294,8,H
294,9,H
294,10,I_1
294,11,I_1
294,12,I_2
294,13,I_2
294,14,I_2
294,15,I_2
294,16,F
295,0,H
295,1,H
295,2,H
295,3,H
295,4,H
295,5,H
295,6,I_1
295,7,I_1
295,8,I_2
295,9,I_2
295,10,I_2
295,11,F
296,0,H
296,1,H
296,2,H
296,3,H
296,4,H
296,5,H
296,6,H
296,7,H
296,8,H
296,9,H
296,10,H
296,11,H
296,12,H
296,13,H
296,14,H
296,15,H
296,16,H
296,17,I_1
296,18,I_1
296,19,I_1
296,20,I_1
296,21,I_1
296,22,I_1
296,23,I_1
296,24,I_1
296,25,I_2
296,26,I_2
296,27,I_2
296,28,I_2
296,29,I_2
296,30,I_2
296,31,I_2
296,32,I_2
296,33,I_2
296,34,F
297,0,H
297,1,H
297,2,H
297,3,O_1
297,4,O_1
297,5,O_1
297,6,O_1
297,7,O_1
297,8,O_1
297,9,O_1
297,10,O_1
297,11,O_1
297,12,O_1
297,13,O_1
297,14,O_1
297,15,O_1
297,16,O_1
297,17,O_1
297,18,O_1
297,19,O_1
297,20,O_1
297,21,O_1
297,22,O_1
297,23,O_2
297,24,O_2
297,25,O_2
297,26,O_2
297,27,O_2
297,28,F
298,0,H
298,1,H
298,2,H
298,3,H
298,4,H
298,5,H
298,6,H
298,7,H
298,8,H
298,9,H
298,10,O_1
298,11,O_1
298,12,O_1
298,13,O_1
298,14,O_1
298,15,O_1
298,16,O_1
298,17,O_1
298,18,O_1
298,19,O_1
298,20,O_1
298,21,O_1
298,22,O_1
298,23,O_1
298,24,O_1
298,25,O_1
298,26,O_1
298,27,O_1
298,28,O_1
298,29,O_1
298,30,O_1
298,31,O_1
298,32,O_1
298,33,O_1
298,34,O_2
298,35,O_2
298,36,O_2
298,37,O_2
298,38,O_2
298,39,O_2
298,40,F
299,0,H
299,1,H
299,2,O_1
299,3,O_1
299,4,O_2
299,5,O_2
299,6,F
300,0,H
300,1,H
300,2,H
300,3,H
300,4,H
300,5,H
300,6,H
300,7,H
300,8,H
300,9,H
300,10,H
300,11,H
300,12,H
300,13,H
300,14,H
300,15,H
300,16,H
300,17,I_1
300,18,I_1
300,19,I_1
300,20,I_1
300,21,I_1
300,22,I_1
300,23,I_1
300,24,I_1
300,25,I_1
300,26,I_2
300,27,I_2
300,28,I_2
300,29,I_2
300,30,I_2
300,31,I_2
300,32,I_2
300,33,I_2
300,34,I_2
300,35,I_2
300,36,I_2
300,37,F
301,0,H
301,1,H
301,2,H
301,3,H
301,4,H
301,5,H
301,6,H
301,7,H
301,8,H
301,9,H
301,10,H
301,11,H
301,12,H
301,13,O_1
301,14,O_1
301,15,O_1
301,16,O_1
301,17,O_1
301,18,O_1
301,19,O_1
301,20,O_1
301,21,O_1
301,22,O_1
301,23,O_1
301,24,O_1
301,25,O_1
301,26,O_1
301,27,O_1
301,28,O_1
301,29,O_1
301,30,O_1
301,31,O_1
301,32,O_1
301,33,O_2
301,34,O_2
301,35,O_2
301,36,O_2
301,37,O_2
301,38,O_2
301,39,O_2
301,40,O_2
301,41,O_2
301,42,O_2
301,43,O_2
301,44,O_2
301,45,O_2
301,46,O_2
301,47,O_2
301,48,O_2
301,49,O_2
301,50,O_2
301,51,O_2
301,52,O_2
301,53,O_2
301,54,F
302,0,H
302,1,H
302,2,H
302,3,H
302,4,H
302,5,H
302,6,H
302,7,H
302,8,H
302,9,H
302,10,H
302,11,H
302,12,H
302,13,H
302,14,H
302,15,H
302,16,H
302,17,H
302,18,H
302,19,O_1
302,20,O_1
302,21,O_1
302,22,O_1
302,23,O_1
302,24,O_2
302,25,O_2
302,26,O_2
302,27,O_2
302,28,F
303,0,H
303,1,H
303,2,H
303,3,H
303,4,H
303,5,H
303,6,H
303,7,H
303,8,H
303,9,H
303,10,H
303,11,H
303,12,H
303,13,H
303,14,I_1
303,15,I_1
303,16,I_1
303,17,I_1
303,18,I_1
303,19,I_2
303,20,I_2
303,21,I_2
303,22,I_2
303,23,I_2
303,24,I_2
303,25,I_2
303,26,I_2
303,27,I_2
303,28,I_2
303,29,I_2
303,30,I_2
303,31,I_2
303,32,F
304,0,H
304,1,H
304,2,H
304,3,H
304,4,H
304,5,H
304,6,H
304,7,O_1
304,8,O_1
304,9,O_1
304,10,O_1
304,11,O_1
304,12,O_1
304,13,O_2
304,14,O_2
304,15,O_2
304,16,O_2
304,17,O_2
304,18,F
305,0,H
305,1,I_1
305,2,I_2
305,3,F
306,0,H
306,1,H
306,2,H
306,3,H
306,4,O_1
306,5,O_1
306,6,O_1
306,7,O_1
306,8,O_1
306,9,O_1
306,10,O_2
306,11,O_2
306,12,O_2
306,13,O_2
306,14,O_2
306,15,O_2
306,16,O_2
306,17,O_2
306,18,O_2
306,19,O_2
306,20,O_2
306,21,O_2
306,22,F
307,0,H
307,1,H
307,2,H
307,3,H
307,4,H
307,5,H
307,6,H
307,7,H
307,8,H
307,9,H
307,10,H
307,11,H
307,12,H
307,13,H
307,14,H
307,15,H
307,16,H
307,17,H
307,18,H
307,19,H
307,20,O_1
307,21,O_1
307,22,O_1
307,23,O_1
307,24,O_1
307,25,O_1
307,26,O_1
307,27,O_1
307,28,O_1
307,29,O_1
307,30,O_2
307,31,O_2
307,32,O_2
307,33,O_2
307,34,O_2
307,35,O_2
307,36,O_2
307,37,O_2
307,38,O_2
307,39,O_2
307,40,O_2
307,41,O_2
307,42,O_2
307,43,O_2
307,44,O_2
307,45,O_2
307,46,O_2
307,47,O_2
307,48,O_2
307,49,O_2
307,50,O_2
307,51,O_2
307,52,O_2
307,53,O_2
307,54,O_2
307,55,F
308,0,H
308,1,H
308,2,H
308,3,H
308,4,H
308,5,H
308,6,H
308,7,H
308,8,H
308,9,H
308,10,H
308,11,H
308,12,B_1
308,13,B_2
308,14,F
309,0,H
309,1,H
309,2,O_1
309,3,O_1
309,4,O_1
309,5,O_1
309,6,O_1
309,7,O_1
309,8,O_1
309,9,O_1
309,10,O_1
309,11,O_1
309,12,O_1
309,13,O_1
309,14,O_1
309,15,O_1
309,16,O_1
309,17,O_1
309,18,O_1
309,19,O_1
309,20,O_1
309,21,O_1
309,22,O_1
309,23,O_1
309,24,O_1
309,25,O_1
309,26,O_1
309,27,O_1
309,28,O_1
309,29,O_1
309,30,O_1
309,31,O_1
309,32,O_1
309,33,O_1
309,34,O_1
309,35,O_2
309,36,O_2
309,37,O_2
309,38,O_2
309,39,O_2
309,40,O_2
309,41,O_2
309,42,O_2
309,43,O_2
309,44,O_2
309,45,O_2
309,46,O_2
309,47,O_2
309,48,F
310,0,H
310,1,H
310,2,I_1
310,3,I_1
310,4,I_1
310,5,I_1
310,6,I_1
310,7,I_2
310,8,F
311,0,H
311,1,H
311,2,H
311,3,H
311,4,H
311,5,H
311,6,H
311,7,H
311,8,O_1
311,9,O_1
311,10,O_1
311,11,O_1
311,12,O_1
311,13,O_1
311,14,O_1
311,15,O_1
311,16,O_1
311,17,O_2
311,18,O_2
311,19,O_2
311,20,O_2
311,21,O_2
311,22,O_2
311,23,O_2
311,24,O_2
311,25,O_2
311,26,O_2
311,27,O_2
311,28,O_2
311,29,O_2
311,30,O_2
311,31,O_2
311,32,F
312,0,H
312,1,H
312,2,H
312,3,H
312,4,H
312,5,H
312,6,H
312,7,H
312,8,O_1
312,9,O_1
312,10,O_1
312,11,O_1
312,12,O_1
312,13,O_1
312,14,O_1
312,15,O_1
312,16,O_1
312,17,O_1
312,18,O_1
312,19,O_2
312,20,O_2
312,21,O_2
312,22,O_2
312,23,O_2
312,24,O_2
312,25,O_2
312,26,O_2
312,27,O_2
312,28,O_2
312,29,O_2
312,30,O_2
312,31,O_2
312,32,O_2
312,33,O_2
312,34,F
313,0,H
313,1,H
313,2,H
313,3,O_1
313,4,O_1
313,5,O_1
313,6,O_1
313,7,O_2
313,8,O_2
313,9,O_2
313,10,O_2
313,11,O_2
313,12,O_2
313,13,F
314,0,H
314,1,H
314,2,H
314,3,H
314,4,H
314,5,B_1
314,6,B_1
314,7,B_2
314,8,B_2
314,9,B_2
314,10,F
315,0,H
315,1,H
315,2,H
315,3,H
315,4,H
315,5,H
315,6,H
315,7,H
315,8,H
315,9,H
315,10,H
315,11,H
315,12,H
315,13,H
315,14,H
315,15,O_1
315,16,O_1
315,17,O_1
315,18,O_1
315,19,O_1
315,20,O_1
315,21,O_1
315,22,O_2
315,23,O_2
315,24,O_2
315,25,O_2
315,26,O_2
315,27,O_2
315,28,O_2
315,29,O_2
315,30,O_2
315,31,O_2
315,32,O_2
315,33,O_2
315,34,O_2
315,35,O_2
315,36,O_2
315,37,O_2
315,38,O_2
315,39,O_2
315,40,O_2
315,41,O_2
315,42,O_2
315,43,O_2
315,44,O_2
315,45,O_2
315,46,F
316,0,H
316,1,H
316,2,H
316,3,H
316,4,H
316,5,H
316,6,H
316,7,O_1
316,8,O_1
316,9,O_1
316,10,O_1
316,11,O_1
316,12,O_2
316,13,O_2
316,14,O_2
316,15,O_2
316,16,O_2
316,17,O_2
316,18,O_2
316,19,O_2
316,20,O_2
316,21,O_2
316,22,O_2
316,23,O_2
316,24,O_2
316,25,O_2
316,26,O_2
316,27,O_2
316,28,O_2
316,29,F
317,0,H
317,1,H
317,2,H
317,3,H
317,4,H
317,5,H
317,6,H
317,7,H
317,8,H
317,9,H
317,10,H
317,11,H
317,12,H
317,13,H
317,14,H
317,15,H
317,16,H
317,17,B_1
317,18,B_1
317,19,B_1
317,20,B_2
317,21,F
318,0,H
318,1,H
318,2,I_1
318,3,I_1
318,4,I_2
318,5,I_2
318,6,I_2
318,7,F
319,0,H
319,1,H
319,2,H
319,3,H
319,4,H
319,5,H
319,6,H
319,7,H
319,8,H
319,9,H
319,10,H
319,11,H
319,12,H
319,13,H
319,14,H
319,15,B_1
319,16,B_1
319,17,B_1
319,18,B_2
319,19,B_2
319,20,F
320,0,H
320,1,H
320,2,H
320,3,H
320,4,H
320,5,H
320,6,H
320,7,H
320,8,H
320,9,O_1
320,10,O_1
320,11,O_2
320,12,O_2
320,13,O_2
320,14,O_2
320,15,O_2
320,16,O_2
320,17,O_2
320,18,F
321,0,H
321,1,H
321,2,H
321,3,H
321,4,H
321,5,H
321,6,H
321,7,H
321,8,O_1
321,9,O_1
321,10,O_1
321,11,O_1
321,12,O_1
321,13,O_1
321,14,O_1
321,15,O_1
321,16,O_1
321,17,O_1
321,18,O_1
321,19,O_1
321,20,O_1
321,21,O_1
321,22,O_1
321,23,O_1
321,24,O_1
321,25,O_1
321,26,O_1
321,27,O_2
321,28,O_2
321,29,O_2
321,30,O_2
321,31,O_2
321,32,O_2
321,33,O_2
321,34,O_2
321,35,O_2
321,36,O_2
321,37,O_2
321,38,O_2
321,39,O_2
321,40,O_2
321,41,O_2
321,42,F
322,0,H
322,1,H
322,2,H
322,3,H
322,4,H
322,5,H
322,6,H
322,7,H
322,8,H
322,9,H
322,10,H
322,11,H
322,12,H
322,13,O_1
322,14,O_1
322,15,O_1
322,16,O_1
322,17,O_1
322,18,O_1
322,19,O_1
322,20,O_1
322,21,O_1
322,22,O_1
322,23,O_1
322,24,O_1
322,25,O_1
322,26,O_1
322,27,O_1
322,28,O_1
322,29,O_1
322,30,O_1
322,31,O_2
322,32,F
323,0,H
323,1,I_1
323,2,I_1
323,3,I_1
323,4,I_1
323,5,I_1
323,6,I_1
323,7,I_1
323,8,I_2
323,9,I_2
323,10,I_2
323,11,I_2
323,12,I_2
323,13,I_2
323,14,F
324,0,H
324,1,H
324,2,H
324,3,H
324,4,H
324,5,H
324,6,H
324,7,O_1
324,8,O_1
324,9,O_1
324,10,O_1
324,11,O_1
324,12,O_1
324,13,O_1
324,14,O_1
324,15,O_1
324,16,O_1
324,17,O_1
324,18,O_1
324,19,O_1
324,20,O_1
324,21,O_2
324,22,O_2
324,23,O_2
324,24,O_2
324,25,O_2
324,26,F
325,0,H
325,1,H
325,2,H
325,3,O_1
325,4,O_1
325,5,O_1
325,6,O_1
325,7,O_1
325,8,O_1
325,9,O_1
325,10,O_2
325,11,O_2
325,12,O_2
325,13,O_2
325,14,O_2
325,15,O_2
325,16,O_2
325,17,O_2
325,18,O_2
325,19,O_2
325,20,O_2
325,21,O_2
325,22,O_2
325,23,F
326,0,H
326,1,H
326,2,H
326,3,B_1
326,4,B_2
326,5,B_2
326,6,B_2
326,7,F
327,0,H
327,1,H
327,2,H
327,3,H
327,4,H
327,5,H
327,6,H
327,7,H
327,8,H
327,9,O_1
327,10,O_1
327,11,O_1
327,12,O_1
327,13,O_1
327,14,O_1
327,15,O_1
327,16,O_1
327,17,O_2
327,18,O_2
327,19,O_2
327,20,O_2
327,21,O_2
327,22,O_2
327,23,O_2
327,24,O_2
327,25,O_2
327,26,O_2
327,27,O_2
327,28,O_2
327,29,O_2
327,30,O_2
327,31,O_2
327,32,O_2
327,33,O_2
327,34,O_2
327,35,F
328,0,H
328,1,H
328,2,H
328,3,H
328,4,H
328,5,B_1
328,6,B_2
328,7,F
329,0,H
329,1,H
329,2,H
329,3,H
329,4,H
329,5,O_1
329,6,O_2
329,7,O_2
329,8,F
330,0,H
330,1,H
330,2,H
330,3,H
330,4,H
330,5,H
330,6,H
330,7,H
330,8,H
330,9,H
330,10,H
330,11,H
330,12,H
330,13,H
330,14,H
330,15,H
330,16,H
330,17,H
330,18,H
330,19,H
330,20,H
330,21,H
330,22,H
330,23,B_1
330,24,B_2
330,25,F
331,0,H
331,1,H
331,2,H
331,3,H
331,4,H
331,5,H
331,6,H
331,7,H
331,8,H
331,9,H
331,10,H
331,11,H
331,12,O_1
331,13,O_2
331,14,F
332,0,H
332,1,H
332,2,O_1
332,3,O_1
332,4,O_1
332,5,O_1
332,6,O_1
332,7,O_1
332,8,O_1
332,9,O_1
332,10,O_1
332,11,O_1
332,12,O_1
332,13,O_1
332,14,O_1
332,15,O_1
332,16,O_1
332,17,O_1
332,18,O_1
332,19,O_1
332,20,O_1
332,21,O_1
332,22,O_1
332,23,O_1
332,24,O_1
332,25,O_1
332,26,O_1
332,27,O_1
332,28,O_1
332,29,O_2
332,30,F
333,0,H
333,1,H
333,2,H
333,3,H
333,4,H
333,5,O_1
333,6,O_1
333,7,O_1
333,8,O_1
333,9,O_1
333,10,O_1
333,11,O_1
333,12,O_1
333,13,O_2
333,14,O_2
333,15,O_2
333,16,O_2
333,17,O_2
333,18,O_2
333,19,O_2
333,20,O_2
333,21,O_2
333,22,O_2
333,23,O_2
333,24,O_2
333,25,O_2
333,26,O_2
333,27,O_2
333,28,O_2
333,29,O_2
333,30,F
334,0,H
334,1,H
334,2,H
334,3,H
334,4,H
334,5,I_1
334,6,I_1
334,7,I_1
334,8,I_1
334,9,I_1
334,10,I_2
334,11,F
335,0,H
335,1,H
335,2,H
335,3,H
335,4,H
335,5,H
335,6,H
335,7,H
335,8,H
335,9,H
335,10,H
335,11,H
335,12,O_1
335,13,O_1
335,14,O_1
335,15,O_1
335,16,O_1
335,17,O_1
335,18,O_1
335,19,O_1
335,20,O_1
335,21,O_1
335,22,O_1
335,23,O_2
335,24,O_2
335,25,F
336,0,H
336,1,H
336,2,H
336,3,H
336,4,H
336,5,H
336,6,H
336,7,B_1
336,8,B_1
336,9,B_2
336,10,B_2
336,11,F
337,0,H
337,1,H
337,2,H
337,3,H
337,4,H
337,5,H
337,6,H
337,7,H
337,8,B_1
337,9,B_2
337,10,F
338,0,H
338,1,B_1
338,2,B_1
338,3,B_1
338,4,B_2
338,5,F
339,0,H
339,1,H
339,2,H
339,3,H
339,4,H
339,5,H
339,6,H
339,7,H
339,8,H
339,9,H
339,10,H
339,11,H
339,12,H
339,13,H
339,14,H
339,15,H
339,16,H
339,17,H
339,18,H
339,19,H
339,20,H
339,21,H
339,22,H
339,23,H
339,24,H
339,25,H
339,26,H
339,27,H
339,28,B_1
339,29,B_1
339,30,B_2
339,31,B_2
339,32,F
340,0,H
340,1,O_1
340,2,O_1
340,3,O_2
340,4,O_2
340,5,O_2
340,6,F
341,0,H
341,1,H
341,2,H
341,3,I_1
341,4,I_1
341,5,I_1
341,6,I_1
341,7,I_1
341,8,I_1
341,9,I_1
341,10,I_2
341,11,I_2
341,12,I_2
341,13,I_2
341,14,I_2
341,15,I_2
341,16,I_2
341,17,F
342,0,H
342,1,H
342,2,H
342,3,H
342,4,H
342,5,H
342,6,H
342,7,H
342,8,H
342,9,H
342,10,H
342,11,H
342,12,H
342,13,H
342,14,H
342,15,H
342,16,H
342,17,H
342,18,H
342,19,H
342,20,H
342,21,H
342,22,H
342,23,O_1
342,24,O_1
342,25,O_1
342,26,O_1
342,27,O_1
342,28,O_1
342,29,O_1
342,30,O_1
342,31,O_1
342,32,O_1
342,33,O_1
342,34,O_1
342,35,O_1
342,36,O_1
342,37,O_1
342,38,O_2
342,39,F
343,0,H
343,1,H
343,2,H
343,3,H
343,4,H
343,5,H
343,6,H
343,7,H
343,8,H
343,9,H
343,10,H
343,11,H
343,12,H
343,13,I_1
343,14,I_1
343,15,I_1
343,16,I_1
343,17,I_1
343,18,I_2
343,19,I_2
343,20,I_2
343,21,F
344,0,H
344,1,H
344,2,H
344,3,H
344,4,H
344,5,H
344,6,H
344,7,H
344,8,B_1
344,9,B_1
344,10,B_1
344,11,B_1
344,12,B_1
344,13,B_2
344,14,B_2
344,15,B_2
344,16,B_2
344,17,F
345,0,H
345,1,I_1
345,2,I_1
345,3,I_1
345,4,I_1
345,5,I_1
345,6,I_1
345,7,I_1
345,8,I_1
345,9,I_1
345,10,I_2
345,11,I_2
345,12,I_2
345,13,I_2
345,14,I_2
345,15,I_2
345,16,I_2
345,17,I_2
345,18,I_2
345,19,F
346,0,H
346,1,H
346,2,H
346,3,H
346,4,H
346,5,H
346,6,H
346,7,H
346,8,H
346,9,B_1
346,10,B_1
346,11,B_1
346,12,B_1
346,13,B_1
346,14,B_1
346,15,B_1
346,16,B_1
346,17,B_1
346,18,B_2
346,19,B_2
346,20,B_2
346,21,B_2
346,22,F
347,0,H
347,1,H
347,2,H
347,3,H
347,4,I_1
347,5,I_1
347,6,I_1
347,7,I_2
347,8,I_2
347,9,I_2
347,10,I_2
347,11,F
348,0,H
348,1,H
348,2,H
348,3,H
348,4,H
348,5,H
348,6,H
348,7,O_1
348,8,O_1
348,9,O_2
348,10,O_2
348,11,O_2
348,12,O_2
348,13,F
349,0,H
349,1,H
349,2,H
349,3,H
349,4,H
349,5,H
349,6,H
349,7,H
349,8,H
349,9,H
349,10,H
349,11,H
349,12,H
349,13,H
349,14,I_1
349,15,I_1
349,16,I_1
349,17,I_1
349,18,I_1
349,19,I_1
349,20,I_2
349,21,I_2
349,22,I_2
349,23,I_2
349,24,I_2
349,25,F
350,0,H
350,1,H
350,2,H
350,3,H
350,4,H
350,5,O_1
350,6,O_1
350,7,O_1
350,8,O_1
350,9,O_1
350,10,O_1
350,11,O_2
350,12,O_2
350,13,O_2
350,14,O_2
350,15,O_2
350,16,O_2
350,17,O_2
350,18,F
351,0,H
351,1,H
351,2,H
351,3,H
351,4,H
351,5,H
351,6,B_1
351,7,B_2
351,8,F
352,0,H
352,1,H
352,2,H
352,3,O_1
352,4,O_1
352,5,O_1
352,6,O_1
352,7,O_1
352,8,O_1
352,9,O_1
352,10,O_2
352,11,O_2
352,12,O_2
352,13,O_2
352,14,O_2
352,15,O_2
352,16,F
353,0,H
353,1,H
353,2,H
353,3,H
353,4,H
353,5,H
353,6,H
353,7,H
353,8,I_1
353,9,I_1
353,10,I_1
353,11,I_1
353,12,I_1
353,13,I_2
353,14,I_2
353,15,I_2
353,16,I_2
353,17,I_2
353,18,I_2
353,19,I_2
353,20,I_2
353,21,I_2
353,22,I_2
353,23,I_2
353,24,I_2
353,25,F
354,0,H
354,1,H
354,2,H
354,3,H
354,4,H
354,5,H
354,6,H
354,7,H
354,8,H
354,9,H
354,10,H
354,11,H
354,12,O_1
354,13,O_1
354,14,O_1
354,15,O_1
354,16,O_1
354,17,O_1
354,18,O_1
354,19,O_1
354,20,O_1
354,21,O_1
354,22,O_1
354,23,O_1
354,24,O_1
354,25,O_1
354,26,O_1
354,27,O_1
354,28,O_1
354,29,O_1
354,30,O_1
354,31,O_1
354,32,O_1
354,33,O_1
354,34,O_1
354,35,O_1
354,36,O_1
354,37,O_1
354,38,O_1
354,39,O_1
354,40,O_1
354,41,O_1
354,42,O_1
354,43,O_2
354,44,O_2
354,45,O_2
354,46,O_2
354,47,O_2
354,48,O_2
354,49,O_2
354,50,O_2
354,51,O_2
354,52,O_2
354,53,O_2
354,54,O_2
354,55,O_2
354,56,O_2
354,57,F
355,0,H
355,1,H
355,2,H
355,3,H
355,4,H
355,5,H
355,6,H
355,7,H
355,8,H
355,9,H
355,10,H
355,11,H
355,12,I_1
355,13,I_1
355,14,I_1
355,15,I_1
355,16,I_1
355,17,I_1
355,18,I_1
355,19,I_1
355,20,I_1
355,21,I_1
355,22,I_1
355,23,I_2
355,24,F
356,0,H
356,1,H
356,2,H
356,3,H
356,4,H
356,5,H
356,6,H
356,7,H
356,8,H
356,9,B_1
356,10,B_1
356,11,B_1
356,12,B_1
356,13,B_1
356,14,B_1
356,15,B_2
356,16,F
357,0,H
357,1,H
357,2,H
357,3,H
357,4,H
357,5,H
357,6,H
357,7,H
357,8,H
357,9,H
357,10,H
357,11,H
357,12,H
357,13,H
357,14,H
357,15,H
357,16,H
357,17,H
357,18,H
357,19,H
357,20,H
357,21,H
357,22,H
357,23,H
357,24,H
357,25,O_1
357,26,O_1
357,27,O_1
357,28,O_2
357,29,O_2
357,30,O_2
357,31,O_2
357,32,O_2
357,33,O_2
357,34,O_2
357,35,O_2
357,36,O_2
357,37,O_2
357,38,O_2
357,39,O_2
357,40,O_2
357,41,O_2
357,42,O_2
357,43,O_2
357,44,O_2
357,45,O_2
357,46,O_2
357,47,O_2
357,48,O_2
357,49,F
358,0,H
358,1,H
358,2,H
358,3,H
358,4,O_1
358,5,O_1
358,6,O_1
358,7,O_1
358,8,O_1
358,9,O_2
358,10,O_2
358,11,O_2
358,12,O_2
358,13,O_2
358,14,O_2
358,15,O_2
358,16,O_2
358,17,O_2
358,18,F
359,0,H
359,1,I_1
359,2,I_2
359,3,I_2
359,4,I_2
359,5,F
360,0,H
360,1,H
360,2,H
360,3,O_1
360,4,O_1
360,5,O_1
360,6,O_1
360,7,O_1
360,8,O_1
360,9,O_1
360,10,O_1
360,11,O_1
360,12,O_1
360,13,O_1
360,14,O_1
360,15,O_1
360,16,O_1
360,17,O_2
360,18,O_2
360,19,O_2
360,20,O_2
360,21,O_2
360,22,O_2
360,23,O_2
360,24,O_2
360,25,O_2
360,26,O_2
360,27,O_2
360,28,O_2
360,29,O_2
360,30,O_2
360,31,O_2
360,32,O_2
360,33,O_2
360,34,O_2
360,35,O_2
360,36,O_2
360,37,O_2
360,38,O_2
360,39,O_2
360,40,O_2
360,41,O_2
360,42,O_2
360,43,F
361,0,H
361,1,H
361,2,H
361,3,H
361,4,H
361,5,H
361,6,H
361,7,H
361,8,H
361,9,H
361,10,H
361,11,H
361,12,H
361,13,H
361,14,H
361,15,H
361,16,H
361,17,H
361,18,H
361,19,H
361,20,H
361,21,H
361,22,I_1
361,23,I_1
361,24,I_2
361,25,I_2
361,26,F
362,0,H
362,1,H
362,2,H
362,3,H
362,4,H
362,5,H
362,6,H
362,7,H
362,8,H
362,9,H
362,10,H
362,11,H
362,12,H
362,13,H
362,14,H
362,15,H
362,16,H
362,17,H
362,18,H
362,19,H
362,20,O_1
362,21,O_1
362,22,O_1
362,23,O_1
362,24,O_1
362,25,O_1
362,26,O_1
362,27,O_1
362,28,O_1
362,29,O_1
362,30,O_1
362,31,O_1
362,32,O_1
362,33,O_1
362,34,O_1
362,35,O_1
362,36,O_1
362,37,O_2
362,38,F
363,0,H
363,1,H
363,2,H
363,3,H
363,4,H
363,5,H
363,6,H
363,7,H
363,8,H
363,9,H
363,10,H
363,11,H
363,12,H
363,13,H
363,14,H
363,15,H
363,16,H
363,17,I_1
363,18,I_2
363,19,I_2
363,20,I_2
363,21,I_2
363,22,I_2
363,23,I_2
363,24,I_2
363,25,I_2
363,26,I_2
363,27,I_2
363,28,I_2
363,29,I_2
363,30,I_2
363,31,I_2
363,32,I_2
363,33,I_2
363,34,F
364,0,H
364,1,H
364,2,H
364,3,H
364,4,H
364,5,H
364,6,O_1
364,7,O_1
364,8,O_1
364,9,O_1
364,10,O_1
364,11,O_1
364,12,O_1
364,13,O_1
364,14,O_1
364,15,O_1
364,16,O_1
364,17,O_1
364,18,O_1
364,19,O_1
364,20,O_2
364,21,O_2
364,22,O_2
364,23,O_2
364,24,F
365,0,H
365,1,O_1
365,2,O_1
365,3,O_1
365,4,O_1
365,5,O_1
365,6,O_1
365,7,O_1
365,8,O_1
365,9,O_1
365,10,O_1
365,11,O_1
365,12,O_1
365,13,O_1
365,14,O_2
365,15,O_2
365,16,F
366,0,H
366,1,H
366,2,H
366,3,H
366,4,H
366,5,O_1
366,6,O_1
366,7,O_1
366,8,O_1
366,9,O_1
366,10,O_1
366,11,O_1
366,12,O_1
366,13,O_1
366,14,O_1
366,15,O_2
366,16,O_2
366,17,O_2
366,18,F
367,0,H
367,1,H
367,2,H
367,3,H
367,4,H
367,5,H
367,6,H
367,7,H
367,8,H
367,9,H
367,10,H
367,11,H
367,12,H
367,13,H
367,14,H
367,15,H
367,16,H
367,17,H
367,18,H
367,19,H
367,20,H
367,21,H
367,22,H
367,23,H
367,24,H
367,25,H
367,26,B_1
367,27,B_1
367,28,B_1
367,29,B_2
367,30,F
368,0,H
368,1,H
368,2,H
368,3,H
368,4,H
368,5,H
368,6,H
368,7,H
368,8,H
368,9,I_1
368,10,I_2
368,11,I_2
368,12,F
369,0,H
369,1,H
369,2,H
369,3,I_1
369,4,I_1
369,5,I_1
369,6,I_1
369,7,I_2
369,8,I_2
369,9,I_2
369,10,I_2
369,11,I_2
369,12,F
370,0,H
370,1,H
370,2,H
370,3,H
370,4,H
370,5,H
370,6,H
370,7,H
370,8,H
370,9,H
370,10,H
370,11,H
370,12,H
370,13,H
370,14,H
370,15,H
370,16,H
370,17,H
370,18,H
370,19,H
370,20,H
370,21,H
370,22,H
370,23,H
370,24,H
370,25,H
370,26,H
370,27,H
370,28,H
370,29,H
370,30,O_1
370,31,O_1
370,32,O_1
370,33,O_1
370,34,O_1
370,35,O_2
370,36,O_2
370,37,F
371,0,H
371,1,H
371,2,H
371,3,H
371,4,H
371,5,H
371,6,H
371,7,H
371,8,H
371,9,H
371,10,H
371,11,H
371,12,H
371,13,H
371,14,H
371,15,H
371,16,H
371,17,H
371,18,H
371,19,H
371,20,H
371,21,H
371,22,H
371,23,H
371,24,H
371,25,H
371,26,H
371,27,H
371,28,H
371,29,H
371,30,H
371,31,H
371,32,H
371,33,I_1
371,34,I_1
371,35,I_1
371,36,I_1
371,37,I_1
371,38,I_1
371,39,I_2
371,40,I_2
371,41,I_2
371,42,I_2
371,43,I_2
371,44,I_2
371,45,I_2
371,46,I_2
371,47,F
372,0,H
372,1,H
372,2,H
372,3,H
372,4,H
372,5,H
372,6,H
372,7,H
372,8,H
372,9,H
372,10,H
372,11,H
372,12,H
372,13,H
372,14,H
372,15,H
372,16,H
372,17,H
372,18,H
372,19,H
372,20,H
372,21,H
372,22,H
372,23,I_1
372,24,I_1
372,25,I_1
372,26,I_1
372,27,I_2
372,28,I_2
372,29,I_2
372,30,I_2
372,31,I_2
372,32,F
373,0,H
373,1,H
373,2,O_1
373,3,O_1
373,4,O_1
373,5,O_1
373,6,O_1
373,7,O_1
373,8,O_1
373,9,O_1
373,10,O_1
373,11,O_1
373,12,O_1
373,13,O_1
373,14,O_1
373,15,O_2
373,16,O_2
373,17,O_2
373,18,O_2
373,19,O_2
373,20,F
374,0,H
374,1,H
374,2,H
374,3,H
374,4,H
374,5,H
374,6,H
374,7,H
374,8,H
374,9,H
374,10,H
374,11,H
374,12,H
374,13,H
374,14,H
374,15,H
374,16,H
374,17,H
374,18,H
374,19,O_1
374,20,O_1
374,21,O_1
374,22,O_1
374,23,O_2
374,24,O_2
374,25,O_2
374,26,O_2
374,27,O_2
374,28,O_2
374,29,O_2
374,30,O_2
374,31,O_2
374,32,O_2
374,33,O_2
374,34,O_2
374,35,O_2
374,36,O_2
374,37,O_2
374,38,O_2
374,39,O_2
374,40,O_2
374,41,O_2
374,42,O_2
374,43,O_2
374,44,O_2
374,45,O_2
374,46,F
375,0,H
375,1,H
375,2,H
375,3,H
375,4,O_1
375,5,O_2
375,6,O_2
375,7,O_2
375,8,O_2
375,9,O_2
375,10,F
376,0,H
376,1,H
376,2,H
376,3,H
376,4,H
376,5,H
376,6,H
376,7,H
376,8,H
376,9,H
376,10,H
376,11,H
376,12,H
376,13,O_1
376,14,O_1
376,15,O_1
376,16,O_1
376,17,O_1
376,18,O_1
376,19,O_2
376,20,O_2
376,21,O_2
376,22,O_2
376,23,O_2
376,24,O_2
376,25,O_2
376,26,O_2
376,27,O_2
376,28,O_2
376,29,O_2
376,30,O_2
376,31,O_2
376,32,O_2
376,33,O_2
376,34,F
377,0,H
377,1,H
377,2,H
377,3,H
377,4,H
377,5,H
377,6,H
377,7,H
377,8,H
377,9,H
377,10,H
377,11,H
377,12,H
377,13,H
377,14,H
377,15,H
377,16,H
377,17,H
377,18,H
377,19,H
377,20,B_1
377,21,B_2
377,22,F
378,0,H
378,1,H
378,2,H
378,3,H
378,4,H
378,5,H
378,6,H
378,7,H
378,8,I_1
378,9,I_1
378,10,I_1
378,11,I_1
378,12,I_1
378,13,I_2
378,14,I_2
378,15,I_2
378,16,F
379,0,H
379,1,H
379,2,H
379,3,I_1
379,4,I_1
379,5,I_1
379,6,I_1
379,7,I_1
379,8,I_1
379,9,I_2
379,10,F
380,0,H
380,1,H
380,2,H
380,3,H
380,4,H
380,5,O_1
380,6,O_1
380,7,O_1
380,8,O_1
380,9,O_1
380,10,O_1
380,11,O_1
380,12,O_1
380,13,O_1
380,14,O_1
380,15,O_1
380,16,O_1
380,17,O_1
380,18,O_1
380,19,O_1
380,20,O_1
380,21,O_1
380,22,O_1
380,23,O_1
380,24,O_1
380,25,O_1
380,26,O_1
380,27,O_1
380,28,O_2
380,29,O_2
380,30,F
381,0,H
381,1,H
381,2,H
381,3,H
381,4,H
381,5,H
381,6,H
381,7,H
381,8,O_1
381,9,O_1
381,10,O_1
381,11,O_1
381,12,O_1
381,13,O_1
381,14,O_1
381,15,O_1
381,16,O_1
381,17,O_1
381,18,O_1
381,19,O_1
381,20,O_1
381,21,O_2
381,22,F
382,0,H
382,1,H
382,2,H
382,3,H
382,4,H
382,5,H
382,6,H
382,7,H
382,8,H
382,9,H
382,10,H
382,11,H
382,12,H
382,13,H
382,14,H
382,15,O_1
382,16,O_1
382,17,O_1
382,18,O_1
382,19,O_1
382,20,O_1
382,21,O_1
382,22,O_1
382,23,O_1
382,24,O_2
382,25,F
383,0,H
383,1,H
383,2,I_1
383,3,I_1
383,4,I_1
383,5,I_2
383,6,I_2
383,7,I_2
383,8,I_2
383,9,I_2
383,10,F
384,0,H
384,1,H
384,2,O_1
384,3,O_1
384,4,O_1
384,5,O_1
384,6,O_1
384,7,O_1
384,8,O_1
384,9,O_1
384,10,O_1
384,11,O_1
384,12,O_1
384,13,O_1
384,14,O_2
384,15,O_2
384,16,O_2
384,17,O_2
384,18,O_2
384,19,O_2
384,20,O_2
384,21,O_2
384,22,F
385,0,H
385,1,H
385,2,H
385,3,H
385,4,H
385,5,H
385,6,H
385,7,H
385,8,H
385,9,O_1
385,10,O_1
385,11,O_1
385,12,O_1
385,13,O_1
385,14,O_1
385,15,O_1
385,16,O_1
385,17,O_1
385,18,O_2
385,19,O_2
385,20,O_2
385,21,O_2
385,22,O_2
385,23,O_2
385,24,O_2
385,25,O_2
385,26,O_2
385,27,F
386,0,H
386,1,H
386,2,H
386,3,H
386,4,H
386,5,H
386,6,H
386,7,H
386,8,H
386,9,I_1
386,10,I_1
386,11,I_1
386,12,I_1
386,13,I_1
386,14,I_2
386,15,I_2
386,16,I_2
386,17,I_2
386,18,I_2
386,19,I_2
386,20,I_2
386,21,I_2
386,22,F
387,0,H
387,1,B_1
387,2,B_1
387,3,B_1
387,4,B_1
387,5,B_1
387,6,B_2
387,7,F
388,0,H
388,1,H
388,2,H
388,3,H
388,4,H
388,5,H
388,6,H
388,7,H
388,8,H
388,9,H
388,10,H
388,11,H
388,12,O_1
388,13,O_1
388,14,O_1
388,15,O_2
388,16,O_2
388,17,O_2
388,18,O_2
388,19,O_2
388,20,O_2
388,21,O_2
388,22,O_2
388,23,O_2
388,24,O_2
388,25,O_2
388,26,O_2
388,27,O_2
388,28,O_2
388,29,O_2
388,30,O_2
388,31,O_2
388,32,O_2
388,33,F
389,0,H
389,1,H
389,2,H
389,3,H
389,4,H
389,5,H
389,6,H
389,7,H
389,8,H
389,9,H
389,10,H
389,11,H
389,12,H
389,13,H
389,14,H
389,15,H
389,16,H
389,17,H
389,18,H
389,19,H
389,20,I_1
389,21,I_1
389,22,I_1
389,23,I_1
389,24,I_1
389,25,I_1
389,26,I_1
389,27,I_1
389,28,I_1
389,29,I_1
389,30,I_1
389,31,I_1
389,32,I_1
389,33,I_1
389,34,I_1
389,35,I_1
389,36,I_1
389,37,I_2
389,38,I_2
389,39,I_2
389,40,I_2
389,41,I_2
389,42,I_2
389,43,I_2
389,44,I_2
389,45,F
390,0,H
390,1,H
390,2,H
390,3,O_1
390,4,O_1
390,5,O_1
390,6,O_1
390,7,O_1
390,8,O_1
390,9,O_1
390,10,O_1
390,11,O_2
390,12,O_2
390,13,O_2
390,14,O_2
390,15,O_2
390,16,O_2
390,17,O_2
390,18,O_2
390,19,O_2
390,20,O_2
390,21,F
391,0,H
391,1,O_1
391,2,O_1
391,3,O_1
391,4,O_1
391,5,O_1
391,6,O_2
391,7,O_2
391,8,O_2
391,9,O_2
391,10,O_2
391,11,O_2
391,12,O_2
391,13,O_2
391,14,O_2
391,15,O_2
391,16,O_2
391,17,O_2
391,18,O_2
391,19,O_2
391,20,O_2
391,21,O_2
391,22,O_2
391,23,F
392,0,H
392,1,H
392,2,H
392,3,H
392,4,H
392,5,H
392,6,H
392,7,H
392,8,H
392,9,H
392,10,H
392,11,H
392,12,H
392,13,O_1
392,14,O_1
392,15,O_2
392,16,F
393,0,H
393,1,O_1
393,2,O_1
393,3,O_1
393,4,O_1
393,5,O_1
393,6,O_2
393,7,O_2
393,8,O_2
393,9,O_2
393,10,O_2
393,11,O_2
393,12,O_2
393,13,O_2
393,14,O_2
393,15,O_2
393,16,O_2
393,17,O_2
393,18,O_2
393,19,F
394,0,H
394,1,H
394,2,H
394,3,H
394,4,H
394,5,H
394,6,H
394,7,I_1
394,8,I_1
394,9,I_1
394,10,I_1
394,11,I_1
394,12,I_1
394,13,I_1
394,14,I_1
394,15,I_2
394,16,I_2
394,17,I_2
394,18,I_2
394,19,I_2
394,20,F
395,0,H
395,1,H
395,2,H
395,3,H
395,4,H
395,5,H
395,6,H
395,7,H
395,8,H
395,9,H
395,10,H
395,11,H
395,12,H
395,13,H
395,14,H
395,15,H
395,16,O_1
395,17,O_1
395,18,O_1
395,19,O_2
395,20,O_2
395,21,O_2
395,22,O_2
395,23,O_2
395,24,O_2
395,25,O_2
395,26,O_2
395,27,O_2
395,28,O_2
395,29,O_2
395,30,O_2
395,31,O_2
395,32,O_2
395,33,F
396,0,H
396,1,H
396,2,H
396,3,H
396,4,H
396,5,H
396,6,O_1
396,7,O_1
396,8,O_1
396,9,O_1
396,10,O_1
396,11,O_1
396,12,O_1
396,13,O_1
396,14,O_1
396,15,O_1
396,16,O_1
396,17,O_1
396,18,O_1
396,19,O_1
396,20,O_1
396,21,O_1
396,22,O_1
396,23,O_1
396,24,O_1
396,25,O_1
396,26,O_2
396,27,O_2
396,28,O_2
396,29,O_2
396,30,O_2
396,31,O_2
396,32,O_2
396,33,O_2
396,34,O_2
396,35,O_2
396,36,O_2
396,37,O_2
396,38,O_2
396,39,O_2
396,40,O_2
396,41,O_2
396,42,O_2
396,43,O_2
396,44,O_2
396,45,O_2
396,46,O_2
396,47,O_2
396,48,O_2
396,49,O_2
396,50,O_2
396,51,O_2
396,52,F
397,0,H
397,1,H
397,2,H
397,3,H
397,4,H
397,5,O_1
397,6,O_1
397,7,O_1
397,8,O_1
397,9,O_1
397,10,O_1
397,11,O_1
397,12,O_1
397,13,O_1
397,14,O_1
397,15,O_1
397,16,O_2
397,17,O_2
397,18,O_2
397,19,O_2
397,20,O_2
397,21,O_2
397,22,O_2
397,23,F
398,0,H
398,1,H
398,2,H
398,3,H
398,4,H
398,5,H
398,6,H
398,7,H
398,8,H
398,9,H
398,10,B_1
398,11,B_1
398,12,B_1
398,13,B_1
398,14,B_1
398,15,B_1
398,16,B_2
398,17,F
399,0,H
399,1,H
399,2,H
399,3,O_1
399,4,O_1
399,5,O_1
399,6,O_1
399,7,O_1
399,8,O_1
399,9,O_2
399,10,O_2
399,11,O_2
399,12,O_2
399,13,O_2
399,14,O_2
399,15,O_2
399,16,F
400,0,H
400,1,H
400,2,H
400,3,H
400,4,I_1
400,5,I_1
400,6,I_2
400,7,F
401,0,H
401,1,H
401,2,O_1
401,3,O_1
401,4,O_2
401,5,O_2
401,6,O_2
401,7,O_2
401,8,O_2
401,9,O_2
401,10,O_2
401,11,F
402,0,H
402,1,H
402,2,H
402,3,H
402,4,H
402,5,H
402,6,H
402,7,H
402,8,I_1
402,9,I_1
402,10,I_1
402,11,I_2
402,12,I_2
402,13,I_2
402,14,I_2
402,15,I_2
402,16,F
403,0,H
403,1,H
403,2,H
403,3,H
403,4,H
403,5,H
403,6,H
403,7,H
403,8,H
403,9,H
403,10,H
403,11,H
403,12,H
403,13,H
403,14,H
403,15,H
403,16,H
403,17,H
403,18,H
403,19,H
403,20,H
403,21,H
403,22,H
403,23,H
403,24,B_1
403,25,B_1
403,26,B_1
403,27,B_1
403,28,B_1
403,29,B_1
403,30,B_1
403,31,B_2
403,32,F
404,0,H
404,1,H
404,2,I_1
404,3,I_1
404,4,I_1
404,5,I_1
404,6,I_1
404,7,I_1
404,8,I_1
404,9,I_1
404,10,I_1
404,11,I_1
404,12,I_1
404,13,I_1
404,14,I_1
404,15,I_1
404,16,I_1
404,17,I_1
404,18,I_1
404,19,I_1
404,20,I_1
404,21,I_2
404,22,I_2
404,23,I_2
404,24,I_2
404,25,I_2
404,26,F
405,0,H
405,1,H
405,2,H
405,3,H
405,4,H
405,5,H
405,6,H
405,7,H
405,8,I_1
405,9,I_1
405,10,I_1
405,11,I_1
405,12,I_1
405,13,I_1
405,14,I_1
405,15,I_1
405,16,I_1
405,17,I_1
405,18,I_1
405,19,I_1
405,20,I_1
405,21,I_1
405,22,I_1
405,23,I_2
405,24,F
406,0,H
406,1,H
406,2,H
406,3,H
406,4,H
406,5,H
406,6,H
406,7,H
406,8,H
406,9,H
406,10,H
406,11,H
406,12,H
406,13,H
406,14,H
406,15,H
406,16,H
406,17,H
406,18,H
406,19,H
406,20,H
406,21,H
406,22,H
406,23,H
406,24,H
406,25,B_1
406,26,B_1
406,27,B_1
406,28,B_2
406,29,B_2
406,30,B_2
406,31,F
407,0,H
407,1,H
407,2,H
407,3,H
407,4,H
407,5,H
407,6,H
407,7,H
407,8,H
407,9,H
407,10,B_1
407,11,B_2
407,12,F
408,0,H
408,1,H
408,2,H
408,3,H
408,4,H
408,5,H
408,6,H
408,7,H
408,8,H
408,9,H
408,10,H
408,11,H
408,12,H
408,13,H
408,14,H
408,15,H
408,16,H
408,17,I_1
408,18,I_1
408,19,I_1
408,20,I_1
408,21,I_1
408,22,I_1
408,23,I_1
408,24,I_1
408,25,I_1
408,26,I_1
408,27,I_1
408,28,I_1
408,29,I_1
408,30,I_1
408,31,I_2
408,32,I_2
408,33,I_2
408,34,F
409,0,H
409,1,I_1
409,2,I_1
409,3,I_1
409,4,I_1
409,5,I_2
409,6,I_2
409,7,F
410,0,H
410,1,H
410,2,H
410,3,H
410,4,H
410,5,H
410,6,H
410,7,H
410,8,H
410,9,H
410,10,H
410,11,H
410,12,H
410,13,H
410,14,H
410,15,H
410,16,O_1
410,17,O_1
410,18,O_1
410,19,O_1
410,20,O_1
410,21,O_1
410,22,O_2
410,23,O_2
410,24,O_2
410,25,O_2
410,26,O_2
410,27,F
411,0,H
411,1,H
411,2,H
411,3,H
411,4,H
411,5,H
411,6,H
411,7,H
411,8,H
411,9,O_1
411,10,O_1
411,11,O_1
411,12,O_2
411,13,O_2
411,14,O_2
411,15,O_2
411,16,F
412,0,H
412,1,H
412,2,O_1
412,3,O_1
412,4,O_1
412,5,O_1
412,6,O_1
412,7,O_1
412,8,O_1
412,9,O_1
412,10,O_1
412,11,O_1
412,12,O_1
412,13,O_2
412,14,O_2
412,15,O_2
412,16,O_2
412,17,F
413,0,H
413,1,H
413,2,H
413,3,H
413,4,H
413,5,H
413,6,H
413,7,H
413,8,H
413,9,H
413,10,H
413,11,H
413,12,H
413,13,H
413,14,H
413,15,H
413,16,O_1
413,17,O_1
413,18,O_1
413,19,O_1
413,20,O_1
413,21,O_1
413,22,O_1
413,23,O_2
413,24,O_2
413,25,O_2
413,26,O_2
413,27,O_2
413,28,O_2
413,29,O_2
413,30,O_2
413,31,O_2
413,32,O_2
413,33,O_2
413,34,O_2
413,35,O_2
413,36,O_2
413,37,O_2
413,38,O_2
413,39,O_2
413,40,O_2
413,41,O_2
413,42,O_2
413,43,O_2
413,44,O_2
413,45,F
414,0,H
414,1,O_1
414,2,O_1
414,3,O_1
414,4,O_1
414,5,O_1
414,6,O_2
414,7,O_2
414,8,O_2
414,9,O_2
414,10,F
415,0,H
415,1,H
415,2,H
415,3,H
415,4,H
415,5,H
415,6,H
415,7,O_1
415,8,O_1
415,9,O_1
415,10,O_1
415,11,O_1
415,12,O_1
415,13,O_1
415,14,O_1
415,15,O_1
415,16,O_1
415,17,O_2
415,18,O_2
415,19,O_2
415,20,O_2
415,21,O_2
415,22,F
416,0,H
416,1,O_1
416,2,O_1
416,3,O_1
416,4,O_1
416,5,O_2
416,6,F
417,0,H
417,1,H
417,2,H
417,3,H
417,4,H
417,5,O_1
417,6,O_1
417,7,O_1
417,8,O_1
417,9,O_1
417,10,O_1
417,11,O_1
417,12,O_1
417,13,O_1
417,14,O_2
417,15,O_2
417,16,O_2
417,17,O_2
417,18,O_2
417,19,O_2
417,20,O_2
417,21,O_2
417,22,O_2
417,23,O_2
417,24,O_2
417,25,O_2
417,26,O_2
417,27,O_2
417,28,O_2
417,29,O_2
417,30,O_2
417,31,F
418,0,H
418,1,B_1
418,2,B_1
418,3,B_1
418,4,B_1
418,5,B_1
418,6,B_1
418,7,B_1
418,8,B_1
418,9,B_2
418,10,F
419,0,H
419,1,H
419,2,H
419,3,B_1
419,4,B_1
419,5,B_2
419,6,F
420,0,H
420,1,H
420,2,H
420,3,H
420,4,H
420,5,H
420,6,H
420,7,H
420,8,H
420,9,H
420,10,H
420,11,H
420,12,H
420,13,H
420,14,H
420,15,H
420,16,H
420,17,H
420,18,O_1
420,19,O_1
420,20,O_1
420,21,O_2
420,22,O_2
420,23,O_2
420,24,O_2
420,25,O_2
420,26,O_2
420,27,O_2
420,28,O_2
420,29,O_2
420,30,F
421,0,H
421,1,H
421,2,H
421,3,H
421,4,H
421,5,H
421,6,I_1
421,7,I_1
421,8,I_1
421,9,I_1
421,10,I_1
421,11,I_2
421,12,I_2
421,13,F
422,0,H
422,1,H
422,2,H
422,3,H
422,4,H
422,5,H
422,6,H
422,7,H
422,8,H
422,9,H
422,10,H
422,11,H
422,12,H
422,13,H
422,14,H
422,15,H
422,16,H
422,17,H
422,18,H
422,19,H
422,20,H
422,21,H
422,22,H
422,23,H
422,24,H
422,25,H
422,26,O_1
422,27,O_2
422,28,F
423,0,H
423,1,H
423,2,H
423,3,H
423,4,H
423,5,H
423,6,H
423,7,H
423,8,H
423,9,H
423,10,H
423,11,H
423,12,H
423,13,H
423,14,H
423,15,H
423,16,O_1
423,17,O_1
423,18,O_1
423,19,O_1
423,20,O_1
423,21,O_1
423,22,O_1
423,23,O_1
423,24,O_2
423,25,O_2
423,26,O_2
423,27,O_2
423,28,F
424,0,H
424,1,H
424,2,H
424,3,H
424,4,H
424,5,H
424,6,H
424,7,H
424,8,H
424,9,H
424,10,H
424,11,H
424,12,H
424,13,H
424,14,H
424,15,H
424,16,H
424,17,H
424,18,H
424,19,H
424,20,I_1
424,21,I_1
424,22,I_2
424,23,I_2
424,24,I_2
424,25,F
425,0,H
425,1,H
425,2,H
425,3,H
425,4,H
425,5,H
425,6,H
425,7,H
425,8,H
425,9,H
425,10,H
425,11,H
425,12,H
425,13,H
425,14,H
425,15,H
425,16,H
425,17,H
425,18,H
425,19,H
425,20,H
425,21,H
425,22,H
425,23,H
425,24,H
425,25,H
425,26,H
425,27,H
425,28,H
425,29,H
425,30,H
425,31,H
425,32,H
425,33,H
425,34,H
425,35,H
425,36,H
425,37,H
425,38,H
425,39,H
425,40,H
425,41,H
425,42,H
425,43,H
425,44,H
425,45,H
425,46,H
425,47,H
425,48,I_1
425,49,I_1
425,50,I_1
425,51,I_1
425,52,I_2
425,53,F
426,0,H
426,1,H
426,2,H
426,3,H
426,4,H
426,5,H
426,6,H
426,7,H
426,8,H
426,9,H
426,10,H
426,11,H
426,12,H
426,13,H
426,14,B_1
426,15,B_1
426,16,B_1
426,17,B_2
426,18,B_2
426,19,B_2
426,20,F
427,0,H
427,1,H
427,2,H
427,3,H
427,4,H
427,5,H
427,6,H
427,7,H
427,8,H
427,9,H
427,10,H
427,11,H
427,12,H
427,13,H
427,14,H
427,15,H
427,16,H
427,17,H
427,18,H
427,19,H
427,20,H
427,21,H
427,22,H
427,23,H
427,24,H
427,25,H
427,26,O_1
427,27,O_1
427,28,O_1
427,29,O_1
427,30,O_1
427,31,O_1
427,32,O_1
427,33,O_1
427,34,O_1
427,35,O_1
427,36,O_1
427,37,O_1
427,38,O_1
427,39,O_1
427,40,O_1
427,41,O_1
427,42,O_1
427,43,O_1
427,44,O_2
427,45,O_2
427,46,O_2
427,47,O_2
427,48,F
428,0,H
428,1,H
428,2,H
428,3,H
428,4,H
428,5,H
428,6,O_1
428,7,O_1
428,8,O_1
428,9,O_1
428,10,O_1
428,11,O_1
428,12,O_2
428,13,O_2
428,14,O_2
428,15,F
429,0,H
429,1,O_1
429,2,O_1
429,3,O_1
429,4,O_1
429,5,O_1
429,6,O_1
429,7,O_1
429,8,O_1
429,9,O_1
429,10,O_1
429,11,O_2
429,12,O_2
429,13,O_2
429,14,O_2
429,15,O_2
429,16,O_2
429,17,O_2
429,18,O_2
429,19,O_2
429,20,O_2
429,21,O_2
429,22,O_2
429,23,O_2
429,24,F
430,0,H
430,1,O_1
430,2,O_1
430,3,O_1
430,4,O_1
430,5,O_1
430,6,O_1
430,7,O_1
430,8,O_1
430,9,O_1
430,10,O_1
430,11,O_2
430,12,O_2
430,13,O_2
430,14,O_2
430,15,O_2
430,16,F
431,0,H
431,1,H
431,2,H
431,3,H
431,4,H
431,5,H
431,6,H
431,7,H
431,8,H
431,9,H
431,10,B_1
431,11,B_1
431,12,B_1
431,13,B_1
431,14,B_1
431,15,B_1
431,16,B_1
431,17,B_1
431,18,B_1
431,19,B_1
431,20,B_2
431,21,B_2
431,22,F
432,0,H
432,1,B_1
432,2,B_2
432,3,F
433,0,H
433,1,H
433,2,H
433,3,H
433,4,H
433,5,H
433,6,H
433,7,O_1
433,8,O_2
433,9,O_2
433,10,O_2
433,11,O_2
433,12,O_2
433,13,O_2
433,14,O_2
433,15,F
434,0,H
434,1,H
434,2,H
434,3,H
434,4,H
434,5,H
434,6,H
434,7,H
434,8,H
434,9,H
434,10,H
434,11,H
434,12,H
434,13,B_1
434,14,B_2
434,15,B_2
434,16,B_2
434,17,B_2
434,18,F
435,0,H
435,1,H
435,2,H
435,3,H
435,4,H
435,5,H
435,6,H
435,7,H
435,8,H
435,9,H
435,10,O_1
435,11,O_1
435,12,O_2
435,13,O_2
435,14,O_2
435,15,O_2
435,16,O_2
435,17,O_2
435,18,O_2
435,19,O_2
435,20,O_2
435,21,O_2
435,22,O_2
435,23,F
436,0,H
436,1,H
436,2,H
436,3,H
436,4,H
436,5,H
436,6,H
436,7,H
436,8,H
436,9,I_1
436,10,I_2
436,11,I_2
436,12,I_2
436,13,I_2
436,14,I_2
436,15,I_2
436,16,I_2
436,17,I_2
436,18,I_2
436,19,I_2
436,20,I_2
436,21,I_2
436,22,I_2
436,23,I_2
436,24,I_2
436,25,I_2
436,26,I_2
436,27,I_2
436,28,I_2
436,29,I_2
436,30,I_2
436,31,I_2
436,32,I_2
436,33,I_2
436,34,I_2
436,35,F
437,0,H
437,1,H
437,2,H
437,3,I_1
437,4,I_1
437,5,I_1
437,6,I_1
437,7,I_1
437,8,I_1
437,9,I_1
437,10,I_1
437,11,I_1
437,12,I_1
437,13,I_1
437,14,I_2
437,15,I_2
437,16,I_2
437,17,I_2
437,18,I_2
437,19,I_2
437,20,F
438,0,H
438,1,H
438,2,H
438,3,H
438,4,H
438,5,H
438,6,H
438,7,H
438,8,H
438,9,O_1
438,10,O_1
438,11,O_1
438,12,O_1
438,13,O_1
438,14,O_1
438,15,O_1
438,16,O_1
438,17,O_1
438,18,O_1
438,19,O_1
438,20,O_2
438,21,O_2
438,22,O_2
438,23,O_2
438,24,O_2
438,25,O_2
438,26,O_2
438,27,O_2
438,28,O_2
438,29,F
439,0,H
439,1,H
439,2,H
439,3,H
439,4,H
439,5,H
439,6,H
439,7,H
439,8,H
439,9,H
439,10,H
439,11,H
439,12,O_1
439,13,O_1
439,14,O_1
439,15,O_1
439,16,O_2
439,17,O_2
439,18,O_2
439,19,F
440,0,H
440,1,H
440,2,H
440,3,H
440,4,H
440,5,H
440,6,H
440,7,H
440,8,H
440,9,H
440,10,H
440,11,H
440,12,H
440,13,H
440,14,H
440,15,H
440,16,H
440,17,H
440,18,H
440,19,H
440,20,H
440,21,H
440,22,H
440,23,H
440,24,H
440,25,H
440,26,H
440,27,H
440,28,H
440,29,H
440,30,H
440,31,H
440,32,H
440,33,H
440,34,H
440,35,H
440,36,H
440,37,H
440,38,H
440,39,H
440,40,I_1
440,41,I_1
440,42,I_1
440,43,I_2
440,44,I_2
440,45,I_2
440,46,I_2
440,47,I_2
440,48,I_2
440,49,I_2
440,50,I_2
440,51,I_2
440,52,I_2
440,53,F
441,0,H
441,1,H
441,2,H
441,3,H
441,4,H
441,5,H
441,6,H
441,7,H
441,8,I_1
441,9,I_1
441,10,I_1
441,11,I_2
441,12,I_2
441,13,I_2
441,14,I_2
441,15,I_2
441,16,I_2
441,17,I_2
441,18,I_2
441,19,I_2
441,20,I_2
441,21,I_2
441,22,I_2
441,23,I_2
441,24,I_2
441,25,I_2
441,26,I_2
441,27,I_2
441,28,I_2
441,29,I_2
441,30,I_2
441,31,I_2
441,32,I_2
441,33,I_2
441,34,I_2
441,35,I_2
441,36,I_2
441,37,I_2
441,38,F
442,0,H
442,1,B_1
442,2,B_1
442,3,B_1
442,4,B_2
442,5,B_2
442,6,F
443,0,H
443,1,H
443,2,H
443,3,H
443,4,H
443,5,I_1
443,6,I_1
443,7,I_1
443,8,I_1
443,9,I_2
443,10,I_2
443,11,I_2
443,12,I_2
443,13,I_2
443,14,I_2
443,15,I_2
443,16,I_2
443,17,F
444,0,H
444,1,H
444,2,H
444,3,H
444,4,H
444,5,H
444,6,H
444,7,H
444,8,H
444,9,H
444,10,H
444,11,H
444,12,H
444,13,H
444,14,O_1
444,15,O_2
444,16,O_2
444,17,O_2
444,18,O_2
444,19,O_2
444,20,O_2
444,21,O_2
444,22,O_2
444,23,O_2
444,24,O_2
444,25,F
445,0,H
445,1,H
445,2,H
445,3,H
445,4,H
445,5,H
445,6,H
445,7,H
445,8,H
445,9,H
445,10,H
445,11,H
445,12,H
445,13,O_1
445,14,O_1
445,15,O_1
445,16,O_1
445,17,O_1
445,18,O_1
445,19,O_1
445,20,O_1
445,21,O_1
445,22,O_1
445,23,O_1
445,24,O_1
445,25,O_1
445,26,O_1
445,27,O_1
445,28,O_1
445,29,O_1
445,30,O_1
445,31,O_1
445,32,O_1
445,33,O_1
445,34,O_1
445,35,O_1
445,36,O_1
445,37,O_1
445,38,O_1
445,39,O_1
445,40,O_1
445,41,O_1
445,42,O_1
445,43,O_2
445,44,O_2
445,45,O_2
445,46,O_2
445,47,O_2
445,48,O_2
445,49,O_2
445,50,F
446,0,H
446,1,H
446,2,H
446,3,H
446,4,H
446,5,H
446,6,H
446,7,H
446,8,H
446,9,H
446,10,H
446,11,H
446,12,H
446,13,H
446,14,H
446,15,H
446,16,H
446,17,I_1
446,18,I_2
446,19,F
447,0,H
447,1,H
447,2,H
447,3,H
447,4,H
447,5,H
447,6,H
447,7,H
447,8,H
447,9,H
447,10,H
447,11,H
447,12,H
447,13,H
447,14,H
447,15,H
447,16,H
447,17,B_1
447,18,B_2
447,19,B_2
447,20,B_2
447,21,F
448,0,H
448,1,H
448,2,H
448,3,H
448,4,H
448,5,H
448,6,H
448,7,H
448,8,H
448,9,O_1
448,10,O_1
448,11,O_1
448,12,O_1
448,13,O_1
448,14,O_1
448,15,O_1
448,16,O_1
448,17,O_1
448,18,O_2
448,19,O_2
448,20,O_2
448,21,F
449,0,H
449,1,B_1
449,2,B_1
449,3,B_1
449,4,B_1
449,5,B_2
449,6,F
450,0,H
450,1,H
450,2,H
450,3,H
450,4,O_1
450,5,O_1
450,6,O_1
450,7,O_1
450,8,O_1
450,9,O_1
450,10,O_1
450,11,O_1
450,12,O_1
450,13,O_1
450,14,O_1
450,15,O_1
450,16,O_2
450,17,O_2
450,18,O_2
450,19,O_2
450,20,O_2
450,21,O_2
450,22,O_2
450,23,O_2
450,24,F
451,0,H
451,1,H
451,2,O_1
451,3,O_1
451,4,O_2
451,5,O_2
451,6,O_2
451,7,O_2
451,8,O_2
451,9,O_2
451,10,O_2
451,11,O_2
451,12,O_2
451,13,O_2
451,14,O_2
451,15,O_2
451,16,O_2
451,17,O_2
451,18,O_2
451,19,O_2
451,20,O_2
451,21,O_2
451,22,O_2
451,23,O_2
451,24,O_2
451,25,O_2
451,26,O_2
451,27,O_2
451,28,O_2
451,29,O_2
451,30,O_2
451,31,O_2
451,32,O_2
451,33,F
452,0,H
452,1,H
452,2,H
452,3,H
452,4,H
452,5,H
452,6,H
452,7,H
452,8,H
452,9,H
452,10,O_1
452,11,O_1
452,12,O_1
452,13,O_1
452,14,O_1
452,15,O_1
452,16,O_1
452,17,O_1
452,18,O_1
452,19,O_1
452,20,O_1
452,21,O_1
452,22,O_1
452,23,O_1
452,24,O_1
452,25,O_1
452,26,O_1
452,27,O_1
452,28,O_1
452,29,O_1
452,30,O_1
452,31,O_1
452,32,O_1
452,33,O_1
452,34,O_1
452,35,O_1
452,36,O_1
452,37,O_1
452,38,O_1
452,39,O_1
452,40,O_1
452,41,O_1
452,42,O_1
452,43,O_1
452,44,O_1
452,45,O_1
452,46,O_1
452,47,O_1
452,48,O_1
452,49,O_1
452,50,O_1
452,51,O_1
452,52,O_1
452,53,O_1
452,54,O_1
452,55,O_1
452,56,O_1
452,57,O_1
452,58,O_1
452,59,O_1
452,60,O_1
452,61,O_1
452,62,O_1
452,63,O_1
452,64,O_1
452,65,O_1
452,66,O_1
452,67,O_1
452,68,O_1
452,69,O_2
452,70,O_2
452,71,O_2
452,72,O_2
452,73,O_2
452,74,O_2
452,75,O_2
452,76,O_2
452,77,O_2
452,78,O_2
452,79,O_2
452,80,O_2
452,81,O_2
452,82,O_2
452,83,O_2
452,84,O_2
452,85,F
453,0,H
453,1,H
453,2,H
453,3,O_1
453,4,O_1
453,5,O_1
453,6,O_1
453,7,O_2
453,8,O_2
453,9,O_2
453,10,O_2
453,11,F
454,0,H
454,1,H
454,2,I_1
454,3,I_2
454,4,I_2
454,5,F
455,0,H
455,1,H
455,2,H
455,3,H
455,4,I_1
455,5,I_2
455,6,I_2
455,7,I_2
455,8,I_2
455,9,I_2
455,10,I_2
455,11,I_2
455,12,I_2
455,13,F
456,0,H
456,1,H
456,2,H
456,3,H
456,4,H
456,5,H
456,6,H
456,7,H
456,8,H
456,9,H
456,10,H
456,11,H
456,12,H
456,13,H
456,14,H
456,15,O_1
456,16,O_1
456,17,O_1
456,18,O_1
456,19,O_1
456,20,O_1
456,21,O_1
456,22,O_1
456,23,O_1
456,24,O_1
456,25,O_1
456,26,O_1
456,27,O_1
456,28,O_1
456,29,O_1
456,30,O_1
456,31,O_1
456,32,O_1
456,33,O_1
456,34,O_1
456,35,O_1
456,36,O_1
456,37,O_1
456,38,O_1
456,39,O_1
456,40,O_1
456,41,O_1
456,42,O_2
456,43,O_2
456,44,O_2
456,45,O_2
456,46,O_2
456,47,O_2
456,48,O_2
456,49,O_2
456,50,O_2
456,51,O_2
456,52,O_2
456,53,O_2
456,54,O_2
456,55,F
457,0,H
457,1,H
457,2,H
457,3,H
457,4,H
457,5,H
457,6,H
457,7,H
457,8,H
457,9,H
457,10,H
457,11,H
457,12,H
457,13,H
457,14,H
457,15,H
457,16,H
457,17,I_1
457,18,I_1
457,19,I_1
457,20,I_1
457,21,I_1
457,22,I_1
457,23,I_1
457,24,I_2
457,25,I_2
457,26,I_2
457,27,I_2
457,28,I_2
457,29,I_2
457,30,I_2
457,31,I_2
457,32,F
458,0,H
458,1,H
458,2,H
458,3,H
458,4,H
458,5,H
458,6,O_1
458,7,O_1
458,8,O_1
458,9,O_1
458,10,O_1
458,11,O_1
458,12,O_1
458,13,O_1
458,14,O_1
458,15,O_1
458,16,O_1
458,17,O_1
458,18,O_1
458,19,O_1
458,20,O_1
458,21,O_1
458,22,O_1
458,23,O_1
458,24,O_1
458,25,O_1
458,26,O_1
458,27,O_1
458,28,O_1
458,29,O_1
458,30,O_1
458,31,O_1
458,32,O_1
458,33,O_1
458,34,O_1
458,35,O_1
458,36,O_1
458,37,O_1
458,38,O_1
458,39,O_1
458,40,O_2
458,41,O_2
458,42,O_2
458,43,O_2
458,44,O_2
458,45,O_2
458,46,O_2
458,47,O_2
458,48,O_2
458,49,O_2
458,50,O_2
458,51,F
459,0,H
459,1,H
459,2,H
459,3,H
459,4,B_1
459,5,B_1
459,6,B_2
459,7,F
460,0,H
460,1,H
460,2,H
460,3,I_1
460,4,I_1
460,5,I_1
460,6,I_2
460,7,F
461,0,H
461,1,H
461,2,H
461,3,H
461,4,H
461,5,H
461,6,H
461,7,H
461,8,H
461,9,H
461,10,H
461,11,H
461,12,H
461,13,H
461,14,H
461,15,H
461,16,H
461,17,H
461,18,H
461,19,O_1
461,20,O_1
461,21,O_1
461,22,O_1
461,23,O_1
461,24,O_1
461,25,O_1
461,26,O_1
461,27,O_1
461,28,O_2
461,29,O_2
461,30,O_2
461,31,O_2
461,32,O_2
461,33,O_2
461,34,O_2
461,35,O_2
461,36,O_2
461,37,O_2
461,38,O_2
461,39,O_2
461,40,O_2
461,41,F
462,0,H
462,1,H
462,2,H
462,3,H
462,4,H
462,5,H
462,6,H
462,7,H
462,8,H
462,9,H
462,10,H
462,11,H
462,12,H
462,13,I_1
462,14,I_1
462,15,I_1
462,16,I_1
462,17,I_1
462,18,I_2
462,19,I_2
462,20,I_2
462,21,I_2
462,22,I_2
462,23,I_2
462,24,I_2
462,25,I_2
462,26,I_2
462,27,I_2
462,28,F
463,0,H
463,1,H
463,2,I_1
463,3,I_1
463,4,I_1
463,5,I_1
463,6,I_2
463,7,I_2
463,8,I_2
463,9,F
464,0,H
464,1,H
464,2,H
464,3,B_1
464,4,B_1
464,5,B_1
464,6,B_1
464,7,B_2
464,8,F
465,0,H
465,1,H
465,2,H
465,3,H
465,4,H
465,5,H
465,6,H
465,7,H
465,8,H
465,9,H
465,10,I_1
465,11,I_1
465,12,I_1
465,13,I_1
465,14,I_1
465,15,I_2
465,16,I_2
465,17,I_2
465,18,F
466,0,H
466,1,H
466,2,O_1
466,3,O_1
466,4,O_1
466,5,O_1
466,6,O_1
466,7,O_1
466,8,O_1
466,9,O_2
466,10,O_2
466,11,O_2
466,12,F
467,0,H
467,1,H
467,2,H
467,3,H
467,4,H
467,5,H
467,6,B_1
467,7,B_1
467,8,B_2
467,9,F
468,0,H
468,1,H
468,2,H
468,3,H
468,4,H
468,5,H
468,6,H
468,7,H
468,8,H
468,9,H
468,10,H
468,11,H
468,12,H
468,13,H
468,14,H
468,15,H
468,16,H
468,17,O_1
468,18,O_2
468,19,O_2
468,20,O_2
468,21,F
469,0,H
469,1,H
469,2,H
469,3,H
469,4,H
469,5,B_1
469,6,B_2
469,7,F
470,0,H
470,1,H
470,2,H
470,3,H
470,4,H
470,5,O_1
470,6,O_1
470,7,O_1
470,8,O_2
470,9,O_2
470,10,O_2
470,11,O_2
470,12,O_2
470,13,F
471,0,H
471,1,H
471,2,H
471,3,H
471,4,H
471,5,H
471,6,H
471,7,H
471,8,H
471,9,H
471,10,H
471,11,H
471,12,H
471,13,H
471,14,H
471,15,H
471,16,H
471,17,H
471,18,H
471,19,H
471,20,H
471,21,H
471,22,H
471,23,H
471,24,H
471,25,H
471,26,H
471,27,H
471,28,H
471,29,H
471,30,H
471,31,O_1
471,32,O_1
471,33,O_1
471,34,O_1
471,35,O_1
471,36,O_1
471,37,O_1
471,38,O_1
471,39,O_1
471,40,O_1
471,41,O_1
471,42,O_1
471,43,O_1
471,44,O_1
471,45,O_1
471,46,O_1
471,47,O_1
471,48,O_1
471,49,O_1
471,50,O_1
471,51,O_1
471,52,O_1
471,53,O_1
471,54,O_2
471,55,O_2
471,56,O_2
471,57,O_2
471,58,O_2
471,59,O_2
471,60,O_2
471,61,O_2
471,62,O_2
471,63,O_2
471,64,O_2
471,65,O_2
471,66,O_2
471,67,O_2
471,68,O_2
471,69,O_2
471,70,O_2
471,71,O_2
471,72,O_2
471,73,F
472,0,H
472,1,H
472,2,H
472,3,H
472,4,H
472,5,H
472,6,H
472,7,H
472,8,H
472,9,H
472,10,H
472,11,H
472,12,H
472,13,H
472,14,O_1
472,15,O_1
472,16,O_2
472,17,O_2
472,18,O_2
472,19,O_2
472,20,O_2
472,21,O_2
472,22,O_2
472,23,O_2
472,24,O_2
472,25,O_2
472,26,F
473,0,H
473,1,O_1
473,2,O_1
473,3,O_1
473,4,O_1
473,5,O_1
473,6,O_1
473,7,O_1
473,8,O_1
473,9,O_1
473,10,O_1
473,11,O_1
473,12,O_1
473,13,O_1
473,14,O_1
473,15,O_1
473,16,O_1
473,17,O_2
473,18,O_2
473,19,O_2
473,20,O_2
473,21,O_2
473,22,O_2
473,23,O_2
473,24,O_2
473,25,O_2
473,26,O_2
473,27,O_2
473,28,O_2
473,29,O_2
473,30,O_2
473,31,O_2
473,32,O_2
473,33,O_2
473,34,O_2
473,35,F
474,0,H
474,1,H
474,2,H
474,3,H
474,4,H
474,5,H
474,6,H
474,7,H
474,8,H
474,9,H
474,10,H
474,11,H
474,12,H
474,13,H
474,14,H
474,15,H
474,16,H
474,17,H
474,18,H
474,19,H
474,20,H
474,21,H
474,22,H
474,23,H
474,24,H
474,25,H
474,26,H
474,27,H
474,28,H
474,29,H
474,30,H
474,31,H
474,32,H
474,33,H
474,34,H
474,35,I_1
474,36,I_1
474,37,I_2
474,38,I_2
474,39,I_2
474,40,I_2
474,41,I_2
474,42,I_2
474,43,F
475,0,H
475,1,O_1
475,2,O_1
475,3,O_1
475,4,O_2
475,5,O_2
475,6,O_2
475,7,O_2
475,8,O_2
475,9,O_2
475,10,F
476,0,H
476,1,H
476,2,H
476,3,H
476,4,H
476,5,H
476,6,H
476,7,H
476,8,H
476,9,H
476,10,H
476,11,H
476,12,H
476,13,H
476,14,H
476,15,H
476,16,H
476,17,H
476,18,H
476,19,H
476,20,H
476,21,H
476,22,I_1
476,23,I_2
476,24,I_2
476,25,I_2
476,26,I_2
476,27,I_2
476,28,F
477,0,H
477,1,H
477,2,H
477,3,H
477,4,H
477,5,H
477,6,H
477,7,H
477,8,H
477,9,H
477,10,H
477,11,H
477,12,H
477,13,H
477,14,I_1
477,15,I_1
477,16,I_2
477,17,F
478,0,H
478,1,H
478,2,H
478,3,H
478,4,H
478,5,H
478,6,H
478,7,H
478,8,H
478,9,H
478,10,H
478,11,H
478,12,H
478,13,H
478,14,H
478,15,H
478,16,H
478,17,H
478,18,H
478,19,H
478,20,H
478,21,H
478,22,I_1
478,23,I_1
478,24,I_1
478,25,I_1
478,26,I_2
478,27,I_2
478,28,I_2
478,29,I_2
478,30,I_2
478,31,I_2
478,32,I_2
478,33,I_2
478,34,I_2
478,35,F
479,0,H
479,1,H
479,2,H
479,3,H
479,4,H
479,5,H
479,6,H
479,7,H
479,8,H
479,9,H
479,10,H
479,11,H
479,12,H
479,13,H
479,14,H
479,15,H
479,16,H
479,17,H
479,18,H
479,19,H
479,20,H
479,21,H
479,22,H
479,23,H
479,24,H
479,25,O_1
479,26,O_1
479,27,O_1
479,28,O_1
479,29,O_1
479,30,O_1
479,31,O_1
479,32,O_1
479,33,O_1
479,34,O_1
479,35,O_1
479,36,O_1
479,37,O_1
479,38,O_1
479,39,O_1
479,40,O_1
479,41,O_1
479,42,O_1
479,43,O_2
479,44,O_2
479,45,O_2
479,46,O_2
479,47,O_2
479,48,O_2
479,49,O_2
479,50,O_2
479,51,O_2
479,52,O_2
479,53,O_2
479,54,O_2
479,55,O_2
479,56,F
480,0,H
480,1,H
480,2,H
480,3,H
480,4,H
480,5,H
480,6,O_1
480,7,O_1
480,8,O_2
480,9,O_2
480,10,O_2
480,11,O_2
480,12,O_2
480,13,O_2
480,14,O_2
480,15,O_2
480,16,O_2
480,17,O_2
480,18,O_2
480,19,O_2
480,20,O_2
480,21,O_2
480,22,O_2
480,23,O_2
480,24,O_2
480,25,O_2
480,26,O_2
480,27,O_2
480,28,O_2
480,29,O_2
480,30,O_2
480,31,O_2
480,32,O_2
480,33,O_2
480,34,O_2
480,35,O_2
480,36,O_2
480,37,O_2
480,38,O_2
480,39,O_2
480,40,O_2
480,41,O_2
480,42,O_2
480,43,O_2
480,44,O_2
480,45,O_2
480,46,O_2
480,47,O_2
480,48,O_2
480,49,O_2
480,50,O_2
480,51,F
481,0,H
481,1,H
481,2,H
481,3,H
481,4,H
481,5,H
481,6,H
481,7,H
481,8,O_1
481,9,O_1
481,10,O_1
481,11,O_1
481,12,O_1
481,13,O_1
481,14,O_1
481,15,O_1
481,16,O_1
481,17,O_1
481,18,O_1
481,19,O_1
481,20,O_1
481,21,O_1
481,22,O_1
481,23,O_1
481,24,O_1
481,25,O_1
481,26,O_1
481,27,O_2
481,28,O_2
481,29,O_2
481,30,O_2
481,31,O_2
481,32,O_2
481,33,O_2
481,34,O_2
481,35,O_2
481,36,O_2
481,37,F
482,0,H
482,1,H
482,2,H
482,3,H
482,4,H
482,5,H
482,6,H
482,7,H
482,8,H
482,9,H
482,10,H
482,11,O_1
482,12,O_1
482,13,O_1
482,14,O_1
482,15,O_1
482,16,O_2
482,17,O_2
482,18,O_2
482,19,O_2
482,20,O_2
482,21,F
483,0,H
483,1,H
483,2,H
483,3,H
483,4,H
483,5,H
483,6,H
483,7,H
483,8,H
483,9,H
483,10,H
483,11,H
483,12,H
483,13,H
483,14,H
483,15,H
483,16,H
483,17,H
483,18,H
483,19,O_1
483,20,O_2
483,21,O_2
483,22,O_2
483,23,O_2
483,24,O_2
483,25,O_2
483,26,O_2
483,27,O_2
483,28,O_2
483,29,O_2
483,30,F
484,0,H
484,1,H
484,2,H
484,3,H
484,4,H
484,5,H
484,6,H
484,7,H
484,8,O_1
484,9,O_1
484,10,O_1
484,11,O_1
484,12,O_1
484,13,O_1
484,14,O_1
484,15,O_1
484,16,O_1
484,17,O_2
484,18,O_2
484,19,O_2
484,20,F
485,0,H
485,1,H
485,2,H
485,3,H
485,4,H
485,5,H
485,6,H
485,7,H
485,8,O_1
485,9,O_1
485,10,O_1
485,11,O_1
485,12,O_1
485,13,O_1
485,14,O_1
485,15,O_1
485,16,O_1
485,17,O_1
485,18,O_1
485,19,O_1
485,20,O_2
485,21,O_2
485,22,O_2
485,23,O_2
485,24,O_2
485,25,O_2
485,26,O_2
485,27,O_2
485,28,O_2
485,29,O_2
485,30,O_2
485,31,F
486,0,H
486,1,H
486,2,H
486,3,H
486,4,H
486,5,H
486,6,H
486,7,H
486,8,H
486,9,H
486,10,O_1
486,11,O_1
486,12,O_2
486,13,O_2
486,14,O_2
486,15,O_2
486,16,O_2
486,17,O_2
486,18,O_2
486,19,O_2
486,20,O_2
486,21,O_2
486,22,O_2
486,23,O_2
486,24,O_2
486,25,O_2
486,26,O_2
486,27,O_2
486,28,O_2
486,29,O_2
486,30,O_2
486,31,O_2
486,32,O_2
486,33,O_2
486,34,O_2
486,35,F
487,0,H
487,1,H
487,2,O_1
487,3,O_1
487,4,O_1
487,5,O_1
487,6,O_1
487,7,O_1
487,8,O_1
487,9,O_1
487,10,O_1
487,11,O_1
487,12,O_1
487,13,O_1
487,14,O_2
487,15,O_2
487,16,O_2
487,17,O_2
487,18,O_2
487,19,O_2
487,20,O_2
487,21,O_2
487,22,O_2
487,23,O_2
487,24,F
488,0,H
488,1,H
488,2,H
488,3,H
488,4,H
488,5,O_1
488,6,O_2
488,7,O_2
488,8,O_2
488,9,O_2
488,10,O_2
488,11,O_2
488,12,O_2
488,13,O_2
488,14,O_2
488,15,O_2
488,16,O_2
488,17,O_2
488,18,O_2
488,19,O_2
488,20,F
489,0,H
489,1,H
489,2,H
489,3,H
489,4,H
489,5,H
489,6,H
489,7,H
489,8,H
489,9,H
489,10,O_1
489,11,O_1
489,12,O_1
489,13,O_1
489,14,O_2
489,15,F
490,0,H
490,1,H
490,2,O_1
490,3,O_2
490,4,F
491,0,H
491,1,H
491,2,H
491,3,O_1
491,4,O_1
491,5,O_1
491,6,O_1
491,7,O_1
491,8,O_2
491,9,O_2
491,10,F
492,0,H
492,1,H
492,2,H
492,3,H
492,4,H
492,5,H
492,6,H
492,7,I_1
492,8,I_1
492,9,I_1
492,10,I_1
492,11,I_1
492,12,I_1
492,13,I_2
492,14,I_2
492,15,F
493,0,H
493,1,H
493,2,O_1
493,3,O_1
493,4,O_1
493,5,O_2
493,6,O_2
493,7,O_2
493,8,O_2
493,9,O_2
493,10,O_2
493,11,O_2
493,12,O_2
493,13,O_2
493,14,O_2
493,15,O_2
493,16,O_2
493,17,O_2
493,18,O_2
493,19,O_2
493,20,O_2
493,21,O_2
493,22,F
494,0,H
494,1,O_1
494,2,O_1
494,3,O_1
494,4,O_2
494,5,O_2
494,6,F
495,0,H
495,1,H
495,2,H
495,3,H
495,4,H
495,5,H
495,6,H
495,7,H
495,8,H
495,9,H
495,10,B_1
495,11,B_1
495,12,B_1
495,13,B_1
495,14,B_2
495,15,F
496,0,H
496,1,H
496,2,I_1
496,3,I_1
496,4,I_1
496,5,I_2
496,6,I_2
496,7,I_2
496,8,I_2
496,9,I_2
496,10,I_2
496,11,I_2
496,12,F
497,0,H
497,1,B_1
497,2,B_1
497,3,B_1
497,4,B_2
497,5,B_2
497,6,B_2
497,7,F
498,0,H
498,1,H
498,2,H
498,3,H
498,4,H
498,5,H
498,6,H
498,7,H
498,8,H
498,9,O_1
498,10,O_1
498,11,O_1
498,12,O_1
498,13,O_1
498,14,O_2
498,15,O_2
498,16,O_2
498,17,O_2
498,18,O_2
498,19,O_2
498,20,F
499,0,H
499,1,H
499,2,H
499,3,H
499,4,H
499,5,H
499,6,H
499,7,H
499,8,H
499,9,O_1
499,10,O_1
499,11,O_1
499,12,O_1
499,13,O_1
499,14,O_1
499,15,O_1
499,16,O_1
499,17,O_2
499,18,O_2
499,19,F
500,0,H
500,1,H
500,2,H
500,3,H
500,4,H
500,5,H
500,6,H
500,7,I_1
500,8,I_1
500,9,I_1
500,10,I_1
500,11,I_1
500,12,I_2
500,13,I_2
500,14,I_2
500,15,I_2
500,16,I_2
500,17,I_2
500,18,I_2
500,19,I_2
500,20,I_2
500,21,F
501,0,H
501,1,H
501,2,H
501,3,H
501,4,H
501,5,H
501,6,H
501,7,H
501,8,H
501,9,H
501,10,H
501,11,H
501,12,H
501,13,H
501,14,H
501,15,H
501,16,H
501,17,H
501,18,H
501,19,H
501,20,O_1
501,21,O_1
501,22,O_2
501,23,O_2
501,24,O_2
501,25,O_2
501,26,F
502,0,H
502,1,H
502,2,H
502,3,H
502,4,H
502,5,H
502,6,H
502,7,H
502,8,H
502,9,H
502,10,H
502,11,H
502,12,H
502,13,H
502,14,H
502,15,H
502,16,O_1
502,17,O_1
502,18,O_2
502,19,O_2
502,20,O_2
502,21,O_2
502,22,O_2
502,23,O_2
502,24,F
503,0,H
503,1,H
503,2,H
503,3,H
503,4,H
503,5,H
503,6,H
503,7,H
503,8,B_1
503,9,B_1
503,10,B_1
503,11,B_2
503,12,B_2
503,13,B_2
503,14,B_2
503,15,B_2
503,16,F
504,0,H
504,1,H
504,2,H
504,3,H
504,4,H
504,5,H
504,6,H
504,7,H
504,8,H
504,9,H
504,10,I_1
504,11,I_1
504,12,I_1
504,13,I_2
504,14,I_2
504,15,I_2
504,16,I_2
504,17,F
505,0,H
505,1,O_1
505,2,O_1
505,3,O_1
505,4,O_2
505,5,O_2
505,6,O_2
505,7,F
506,0,H
506,1,H
506,2,H
506,3,H
506,4,B_1
506,5,B_2
506,6,B_2
506,7,B_2
506,8,B_2
506,9,F
507,0,H
507,1,H
507,2,H
507,3,H
507,4,H
507,5,H
507,6,B_1
507,7,B_1
507,8,B_1
507,9,B_1
507,10,B_1
507,11,B_1
507,12,B_1
507,13,B_2
507,14,B_2
507,15,F
508,0,H
508,1,H
508,2,H
508,3,H
508,4,H
508,5,H
508,6,H
508,7,H
508,8,H
508,9,H
508,10,O_1
508,11,O_1
508,12,O_1
508,13,O_1
508,14,O_1
508,15,O_2
508,16,F
509,0,H
509,1,H
509,2,H
509,3,H
509,4,H
509,5,H
509,6,H
509,7,H
509,8,O_1
509,9,O_1
509,10,O_1
509,11,O_1
509,12,O_1
509,13,O_1
509,14,O_1
509,15,O_1
509,16,O_1
509,17,O_1
509,18,O_2
509,19,O_2
509,20,O_2
509,21,O_2
509,22,O_2
509,23,O_2
509,24,O_2
509,25,O_2
509,26,O_2
509,27,O_2
509,28,O_2
509,29,O_2
509,30,O_2
509,31,O_2
509,32,F
510,0,H
510,1,H
510,2,O_1
510,3,O_1
510,4,O_1
510,5,O_1
510,6,O_1
510,7,O_1
510,8,O_1
510,9,O_1
510,10,O_1
510,11,O_1
510,12,O_1
510,13,O_1
510,14,O_1
510,15,O_1
510,16,O_2
510,17,O_2
510,18,O_2
510,19,O_2
510,20,O_2
510,21,O_2
510,22,O_2
510,23,F
511,0,H
511,1,H
511,2,H
511,3,H
511,4,I_1
511,5,I_1
511,6,I_1
511,7,I_1
511,8,I_1
511,9,I_2
511,10,I_2
511,11,F
512,0,H
512,1,I_1
512,2,I_1
512,3,I_1
512,4,I_1
512,5,I_1
512,6,I_1
512,7,I_2
512,8,F
513,0,H
513,1,H
513,2,H
513,3,O_1
513,4,O_1
513,5,O_1
513,6,O_1
513,7,O_1
513,8,O_1
513,9,O_1
513,10,O_1
513,11,O_1
513,12,O_2
513,13,F
514,0,H
514,1,H
514,2,H
514,3,H
514,4,H
514,5,H
514,6,H
514,7,O_1
514,8,O_1
514,9,O_1
514,10,O_2
514,11,F
515,0,H
515,1,O_1
515,2,O_2
515,3,O_2
515,4,O_2
515,5,O_2
515,6,O_2
515,7,O_2
515,8,O_2
515,9,O_2
515,10,O_2
515,11,O_2
515,12,O_2
515,13,O_2
515,14,O_2
515,15,F
516,0,H
516,1,O_1
516,2,O_1
516,3,O_2
516,4,O_2
516,5,O_2
516,6,O_2
516,7,O_2
516,8,O_2
516,9,O_2
516,10,O_2
516,11,O_2
516,12,O_2
516,13,O_2
516,14,O_2
516,15,O_2
516,16,O_2
516,17,O_2
516,18,O_2
516,19,F
517,0,H
517,1,H
517,2,H
517,3,H
517,4,H
517,5,H
517,6,H
517,7,H
517,8,H
517,9,B_1
517,10,B_2
517,11,F
518,0,H
518,1,H
518,2,H
518,3,H
518,4,O_1
518,5,O_1
518,6,O_1
518,7,O_2
518,8,O_2
518,9,O_2
518,10,O_2
518,11,O_2
518,12,O_2
518,13,O_2
518,14,O_2
518,15,F
519,0,H
519,1,H
519,2,H
519,3,H
519,4,H
519,5,H
519,6,H
519,7,H
519,8,H
519,9,O_1
519,10,O_1
519,11,O_2
519,12,F
520,0,H
520,1,H
520,2,H
520,3,H
520,4,H
520,5,H
520,6,H
520,7,O_1
520,8,O_1
520,9,O_1
520,10,O_2
520,11,O_2
520,12,O_2
520,13,O_2
520,14,O_2
520,15,F
521,0,H
521,1,B_1
521,2,B_2
521,3,B_2
521,4,F
522,0,H
522,1,H
522,2,H
522,3,H
522,4,H
522,5,H
522,6,H
522,7,H
522,8,H
522,9,H
522,10,H
522,11,H
522,12,H
522,13,H
522,14,H
522,15,H
522,16,H
522,17,H
522,18,O_1
522,19,O_1
522,20,O_1
522,21,O_1
522,22,O_1
522,23,O_1
522,24,O_1
522,25,O_1
522,26,O_1
522,27,O_1
522,28,O_1
522,29,O_1
522,30,O_2
522,31,O_2
522,32,O_2
522,33,O_2
522,34,F
523,0,H
523,1,H
523,2,H
523,3,O_1
523,4,O_1
523,5,O_1
523,6,O_1
523,7,O_1
523,8,O_1
523,9,O_1
523,10,O_1
523,11,O_1
523,12,O_2
523,13,O_2
523,14,O_2
523,15,O_2
523,16,F
524,0,H
524,1,H
524,2,H
524,3,H
524,4,H
524,5,H
524,6,H
524,7,H
524,8,H
524,9,H
524,10,H
524,11,H
524,12,H
524,13,H
524,14,O_1
524,15,O_1
524,16,O_1
524,17,O_1
524,18,O_1
524,19,O_1
524,20,O_2
524,21,O_2
524,22,F
525,0,H
525,1,O_1
525,2,O_1
525,3,O_1
525,4,O_1
525,5,O_1
525,6,O_1
525,7,O_1
525,8,O_1
525,9,O_1
525,10,O_1
525,11,O_1
525,12,O_1
525,13,O_1
525,14,O_1
525,15,O_1
525,16,O_1
525,17,O_1
525,18,O_1
525,19,O_2
525,20,O_2
525,21,O_2
525,22,O_2
525,23,O_2
525,24,O_2
525,25,O_2
525,26,F
526,0,H
526,1,H
526,2,H
526,3,H
526,4,H
526,5,H
526,6,H
526,7,H
526,8,H
526,9,H
526,10,H
526,11,H
526,12,H
526,13,H
526,14,H
526,15,O_1
526,16,O_2
526,17,O_2
526,18,O_2
526,19,O_2
526,20,O_2
526,21,O_2
526,22,O_2
526,23,O_2
526,24,O_2
526,25,F
527,0,H
527,1,H
527,2,O_1
527,3,O_1
527,4,O_1
527,5,O_1
527,6,O_1
527,7,O_1
527,8,O_1
527,9,O_2
527,10,F
528,0,H
528,1,H
528,2,H
528,3,H
528,4,H
528,5,H
528,6,H
528,7,H
528,8,H
528,9,H
528,10,H
528,11,H
528,12,H
528,13,O_1
528,14,O_1
528,15,O_1
528,16,O_1
528,17,O_1
528,18,O_1
528,19,O_1
528,20,O_1
528,21,O_1
528,22,O_1
528,23,O_1
528,24,O_1
528,25,O_1
528,26,O_1
528,27,O_1
528,28,O_1
528,29,O_1
528,30,O_2
528,31,O_2
528,32,O_2
528,33,O_2
528,34,O_2
528,35,O_2
528,36,O_2
528,37,O_2
528,38,O_2
528,39,O_2
528,40,O_2
528,41,O_2
528,42,O_2
528,43,O_2
528,44,O_2
528,45,O_2
528,46,O_2
528,47,O_2
528,48,O_2
528,49,O_2
528,50,O_2
528,51,O_2
528,52,O_2
528,53,O_2
528,54,O_2
528,55,O_2
528,56,O_2
528,57,O_2
528,58,O_2
528,59,O_2
528,60,O_2
528,61,O_2
528,62,O_2
528,63,O_2
528,64,O_2
528,65,F
529,0,H
529,1,H
529,2,O_1
529,3,O_1
529,4,O_1
529,5,O_1
529,6,O_1
529,7,O_1
529,8,O_1
529,9,O_1
529,10,O_1
529,11,O_1
529,12,O_1
529,13,O_1
529,14,O_2
529,15,O_2
529,16,O_2
529,17,O_2
529,18,O_2
529,19,O_2
529,20,F
530,0,H
530,1,H
530,2,H
530,3,H
530,4,H
530,5,H
530,6,H
530,7,H
530,8,O_1
530,9,O_1
530,10,O_1
530,11,O_1
530,12,O_1
530,13,O_1
530,14,O_1
530,15,O_1
530,16,O_2
530,17,O_2
530,18,F
531,0,H
531,1,I_1
531,2,I_1
531,3,I_1
531,4,I_1
531,5,I_1
531,6,I_1
531,7,I_1
531,8,I_1
531,9,I_1
531,10,I_1
531,11,I_1
531,12,I_2
531,13,F
532,0,H
532,1,H
532,2,H
532,3,O_1
532,4,O_2
532,5,F
533,0,H
533,1,H
533,2,H
533,3,B_1
533,4,B_2
533,5,B_2
533,6,B_2
533,7,B_2
533,8,B_2
533,9,B_2
533,10,F
534,0,H
534,1,H
534,2,H
534,3,I_1
534,4,I_1
534,5,I_1
534,6,I_2
534,7,I_2
534,8,I_2
534,9,I_2
534,10,I_2
534,11,F
535,0,H
535,1,H
535,2,H
535,3,H
535,4,H
535,5,H
535,6,H
535,7,O_1
535,8,O_1
535,9,O_2
535,10,O_2
535,11,O_2
535,12,O_2
535,13,O_2
535,14,O_2
535,15,O_2
535,16,O_2
535,17,O_2
535,18,O_2
535,19,O_2
535,20,O_2
535,21,O_2
535,22,F
536,0,H
536,1,H
536,2,H
536,3,H
536,4,H
536,5,O_1
536,6,O_1
536,7,O_1
536,8,O_1
536,9,O_1
536,10,O_1
536,11,O_1
536,12,O_1
536,13,O_1
536,14,O_1
536,15,O_1
536,16,O_2
536,17,O_2
536,18,O_2
536,19,O_2
536,20,O_2
536,21,F
537,0,H
537,1,O_1
537,2,O_1
537,3,O_1
537,4,O_1
537,5,O_1
537,6,O_1
537,7,O_1
537,8,O_1
537,9,O_1
537,10,O_1
537,11,O_1
537,12,O_1
537,13,O_1
537,14,O_1
537,15,O_1
537,16,O_1
537,17,O_1
537,18,O_1
537,19,O_1
537,20,O_1
537,21,O_1
537,22,O_1
537,23,O_1
537,24,O_1
537,25,O_1
537,26,O_1
537,27,O_1
537,28,O_1
537,29,O_1
537,30,O_1
537,31,O_1
537,32,O_1
537,33,O_1
537,34,O_2
537,35,O_2
537,36,O_2
537,37,O_2
537,38,O_2
537,39,O_2
537,40,O_2
537,41,O_2
537,42,O_2
537,43,O_2
537,44,F
538,0,H
538,1,H
538,2,H
538,3,H
538,4,H
538,5,H
538,6,H
538,7,H
538,8,H
538,9,H
538,10,H
538,11,H
538,12,H
538,13,I_1
538,14,I_1
538,15,I_1
538,16,I_1
538,17,I_1
538,18,I_1
538,19,I_2
538,20,I_2
538,21,I_2
538,22,I_2
538,23,I_2
538,24,I_2
538,25,I_2
538,26,I_2
538,27,F
539,0,H
539,1,H
539,2,H
539,3,H
539,4,I_1
539,5,I_1
539,6,I_1
539,7,I_1
539,8,I_1
539,9,I_1
539,10,I_1
539,11,I_1
539,12,I_2
539,13,I_2
539,14,I_2
539,15,I_2
539,16,I_2
539,17,I_2
539,18,I_2
539,19,I_2
539,20,F
540,0,H
540,1,H
540,2,H
540,3,H
540,4,H
540,5,H
540,6,H
540,7,H
540,8,H
540,9,H
540,10,H
540,11,H
540,12,H
540,13,B_1
540,14,B_1
540,15,B_1
540,16,B_1
540,17,B_1
540,18,B_1
540,19,B_1
540,20,B_2
540,21,F
541,0,H
541,1,I_1
541,2,I_1
541,3,I_2
541,4,I_2
541,5,I_2
541,6,I_2
541,7,I_2
541,8,I_2
541,9,I_2
541,10,I_2
541,11,F
542,0,H
542,1,H
542,2,H
542,3,H
542,4,H
542,5,H
542,6,H
542,7,H
542,8,H
542,9,H
542,10,H
542,11,H
542,12,H
542,13,H
542,14,H
542,15,H
542,16,I_1
542,17,I_1
542,18,I_1
542,19,I_1
542,20,I_1
542,21,I_1
542,22,I_2
542,23,I_2
542,24,F
543,0,H
543,1,H
543,2,I_1
543,3,I_1
543,4,I_1
543,5,I_1
543,6,I_1
543,7,I_1
543,8,I_2
543,9,I_2
543,10,I_2
543,11,I_2
543,12,I_2
543,13,I_2
543,14,I_2
543,15,I_2
543,16,I_2
543,17,I_2
543,18,I_2
543,19,I_2
543,20,I_2
543,21,I_2
543,22,F
544,0,H
544,1,H
544,2,I_1
544,3,I_1
544,4,I_1
544,5,I_1
544,6,I_1
544,7,I_1
544,8,I_1
544,9,I_2
544,10,I_2
544,11,F
545,0,H
545,1,I_1
545,2,I_1
545,3,I_1
545,4,I_1
545,5,I_1
545,6,I_1
545,7,I_1
545,8,I_1
545,9,I_1
545,10,I_2
545,11,I_2
545,12,I_2
545,13,I_2
545,14,F
546,0,H
546,1,H
546,2,H
546,3,H
546,4,H
546,5,H
546,6,H
546,7,H
546,8,H
546,9,H
546,10,H
546,11,O_1
546,12,O_2
546,13,O_2
546,14,O_2
546,15,O_2
546,16,O_2
546,17,O_2
546,18,O_2
546,19,O_2
546,20,O_2
546,21,O_2
546,22,O_2
546,23,O_2
546,24,O_2
546,25,O_2
546,26,O_2
546,27,O_2
546,28,O_2
546,29,F
547,0,H
547,1,H
547,2,H
547,3,H
547,4,H
547,5,I_1
547,6,I_1
547,7,I_1
547,8,I_1
547,9,I_1
547,10,I_1
547,11,I_1
547,12,I_1
547,13,I_1
547,14,I_1
547,15,I_2
547,16,I_2
547,17,I_2
547,18,I_2
547,19,I_2
547,20,I_2
547,21,I_2
547,22,I_2
547,23,I_2
547,24,F
548,0,H
548,1,H
548,2,H
548,3,H
548,4,H
548,5,H
548,6,H
548,7,H
548,8,H
548,9,H
548,10,H
548,11,H
548,12,H
548,13,I_1
548,14,I_1
548,15,I_2
548,16,I_2
548,17,I_2
548,18,I_2
548,19,I_2
548,20,I_2
548,21,I_2
548,22,I_2
548,23,I_2
548,24,I_2
548,25,F
549,0,H
549,1,H
549,2,H
549,3,H
549,4,H
549,5,H
549,6,H
549,7,H
549,8,H
549,9,H
549,10,H
549,11,H
549,12,H
549,13,O_1
549,14,O_1
549,15,O_1
549,16,O_2
549,17,O_2
549,18,O_2
549,19,O_2
549,20,O_2
549,21,O_2
549,22,O_2
549,23,O_2
549,24,O_2
549,25,O_2
549,26,O_2
549,27,O_2
549,28,O_2
549,29,O_2
549,30,F
550,0,H
550,1,H
550,2,H
550,3,H
550,4,H
550,5,H
550,6,H
550,7,H
550,8,H
550,9,H
550,10,H
550,11,H
550,12,H
550,13,H
550,14,H
550,15,H
550,16,H
550,17,H
550,18,H
550,19,H
550,20,H
550,21,H
550,22,H
550,23,H
550,24,H
550,25,H
550,26,H
550,27,H
550,28,H
550,29,H
550,30,H
550,31,O_1
550,32,O_1
550,33,O_1
550,34,O_1
550,35,O_2
550,36,O_2
550,37,O_2
550,38,O_2
550,39,O_2
550,40,O_2
550,41,O_2
550,42,O_2
550,43,O_2
550,44,O_2
550,45,O_2
550,46,O_2
550,47,O_2
550,48,O_2
550,49,O_2
550,50,O_2
550,51,O_2
550,52,O_2
550,53,O_2
550,54,O_2
550,55,O_2
550,56,O_2
550,57,O_2
550,58,O_2
550,59,O_2
550,60,O_2
550,61,O_2
550,62,O_2
550,63,O_2
550,64,O_2
550,65,O_2
550,66,O_2
550,67,O_2
550,68,O_2
550,69,O_2
550,70,O_2
550,71,O_2
550,72,O_2
550,73,O_2
550,74,O_2
550,75,O_2
550,76,O_2
550,77,O_2
550,78,O_2
550,79,O_2
550,80,O_2
550,81,O_2
550,82,F
551,0,H
551,1,H
551,2,H
551,3,H
551,4,H
551,5,O_1
551,6,O_1
551,7,O_1
551,8,O_1
551,9,O_1
551,10,O_1
551,11,O_1
551,12,O_1
551,13,O_1
551,14,O_1
551,15,O_1
551,16,O_2
551,17,O_2
551,18,O_2
551,19,O_2
551,20,F
552,0,H
552,1,H
552,2,H
552,3,H
552,4,H
552,5,H
552,6,H
552,7,H
552,8,H
552,9,H
552,10,O_1
552,11,O_2
552,12,F
553,0,H
553,1,H
553,2,H
553,3,I_1
553,4,I_1
553,5,I_2
553,6,F
554,0,H
554,1,H
554,2,H
554,3,H
554,4,H
554,5,H
554,6,H
554,7,H
554,8,H
554,9,H
554,10,H
554,11,H
554,12,H
554,13,H
554,14,H
554,15,H
554,16,H
554,17,H
554,18,H
554,19,H
554,20,O_1
554,21,O_1
554,22,O_2
554,23,O_2
554,24,O_2
554,25,O_2
554,26,O_2
554,27,O_2
554,28,O_2
554,29,F
555,0,H
555,1,H
555,2,H
555,3,H
555,4,B_1
555,5,B_1
555,6,B_1
555,7,B_2
555,8,F
556,0,H
556,1,H
556,2,H
556,3,H
556,4,H
556,5,H
556,6,H
556,7,H
556,8,H
556,9,H
556,10,H
556,11,O_1
556,12,O_1
556,13,O_1
556,14,O_1
556,15,O_1
556,16,O_1
556,17,O_1
556,18,O_1
556,19,O_2
556,20,O_2
556,21,O_2
556,22,O_2
556,23,O_2
556,24,O_2
556,25,O_2
556,26,F
557,0,H
557,1,H
557,2,H
557,3,H
557,4,O_1
557,5,O_1
557,6,O_1
557,7,O_1
557,8,O_1
557,9,O_1
557,10,O_1
557,11,O_2
557,12,F
558,0,H
558,1,H
558,2,H
558,3,H
558,4,H
558,5,H
558,6,H
558,7,I_1
558,8,I_1
558,9,I_2
558,10,I_2
558,11,F
559,0,H
559,1,H
559,2,B_1
559,3,B_1
559,4,B_1
559,5,B_1
559,6,B_1
559,7,B_1
559,8,B_2
559,9,F
560,0,H
560,1,H
560,2,H
560,3,H
560,4,H
560,5,H
560,6,H
560,7,O_1
560,8,O_1
560,9,O_1
560,10,O_1
560,11,O_1
560,12,O_1
560,13,O_1
560,14,O_1
560,15,O_1
560,16,O_1
560,17,O_1
560,18,O_1
560,19,O_1
560,20,O_1
560,21,O_1
560,22,O_1
560,23,O_1
560,24,O_1
560,25,O_1
560,26,O_2
560,27,O_2
560,28,O_2
560,29,O_2
560,30,O_2
560,31,O_2
560,32,O_2
560,33,O_2
560,34,O_2
560,35,O_2
560,36,O_2
560,37,O_2
560,38,O_2
560,39,O_2
560,40,F
561,0,H
561,1,H
561,2,H
561,3,H
561,4,H
561,5,H
561,6,H
561,7,H
561,8,H
561,9,H
561,10,H
561,11,H
561,12,H
561,13,H
561,14,H
561,15,H
561,16,H
561,17,H
561,18,H
561,19,H
561,20,H
561,21,H
561,22,H
561,23,H
561,24,H
561,25,I_1
561,26,I_1
561,27,I_1
561,28,I_1
561,29,I_1
561,30,I_2
561,31,I_2
561,32,I_2
561,33,I_2
561,34,I_2
561,35,I_2
561,36,F
562,0,H
562,1,H
562,2,H
562,3,H
562,4,B_1
562,5,B_1
562,6,B_1
562,7,B_2
562,8,F
563,0,H
563,1,H
563,2,H
563,3,H
563,4,H
563,5,H
563,6,H
563,7,O_1
563,8,O_1
563,9,O_1
563,10,O_1
563,11,O_1
563,12,O_1
563,13,O_2
563,14,O_2
563,15,O_2
563,16,O_2
563,17,O_2
563,18,O_2
563,19,F
564,0,H
564,1,H
564,2,H
564,3,H
564,4,H
564,5,H
564,6,H
564,7,H
564,8,H
564,9,H
564,10,H
564,11,H
564,12,H
564,13,O_1
564,14,O_1
564,15,O_1
564,16,O_1
564,17,O_1
564,18,O_1
564,19,O_1
564,20,O_1
564,21,O_1
564,22,O_1
564,23,O_2
564,24,O_2
564,25,O_2
564,26,O_2
564,27,F
565,0,H
565,1,H
565,2,H
565,3,H
565,4,H
565,5,H
565,6,H
565,7,H
565,8,H
565,9,H
565,10,H
565,11,H
565,12,H
565,13,H
565,14,H
565,15,H
565,16,O_1
565,17,O_1
565,18,O_1
565,19,O_2
565,20,F
566,0,H
566,1,H
566,2,H
566,3,H
566,4,H
566,5,H
566,6,H
566,7,B_1
566,8,B_1
566,9,B_1
566,10,B_1
566,11,B_2
566,12,B_2
566,13,B_2
566,14,F
567,0,H
567,1,H
567,2,H
567,3,H
567,4,H
567,5,H
567,6,H
567,7,H
567,8,H
567,9,H
567,10,H
567,11,H
567,12,H
567,13,H
567,14,O_1
567,15,O_1
567,16,O_1
567,17,O_1
567,18,O_1
567,19,O_1
567,20,O_1
567,21,O_1
567,22,O_1
567,23,O_1
567,24,O_1
567,25,O_1
567,26,O_1
567,27,O_1
567,28,O_1
567,29,O_1
567,30,O_1
567,31,O_2
567,32,O_2
567,33,O_2
567,34,O_2
567,35,O_2
567,36,O_2
567,37,O_2
567,38,O_2
567,39,O_2
567,40,O_2
567,41,O_2
567,42,O_2
567,43,O_2
567,44,O_2
567,45,F
568,0,H
568,1,H
568,2,H
568,3,H
568,4,H
568,5,H
568,6,H
568,7,H
568,8,H
568,9,H
568,10,H
568,11,H
568,12,H
568,13,H
568,14,H
568,15,H
568,16,H
568,17,H
568,18,H
568,19,O_1
568,20,O_1
568,21,O_1
568,22,O_1
568,23,O_1
568,24,O_1
568,25,O_1
568,26,O_2
568,27,O_2
568,28,O_2
568,29,O_2
568,30,O_2
568,31,F
569,0,H
569,1,H
569,2,H
569,3,H
569,4,H
569,5,H
569,6,O_1
569,7,O_1
569,8,O_1
569,9,O_1
569,10,O_1
569,11,O_1
569,12,O_1
569,13,O_1
569,14,O_1
569,15,O_1
569,16,O_1
569,17,O_1
569,18,O_1
569,19,O_1
569,20,O_1
569,21,O_1
569,22,O_2
569,23,F
570,0,H
570,1,H
570,2,H
570,3,H
570,4,H
570,5,H
570,6,H
570,7,H
570,8,H
570,9,H
570,10,H
570,11,O_1
570,12,O_1
570,13,O_1
570,14,O_1
570,15,O_1
570,16,O_1
570,17,O_1
570,18,O_1
570,19,O_1
570,20,O_1
570,21,O_1
570,22,O_1
570,23,O_1
570,24,O_1
570,25,O_1
570,26,O_1
570,27,O_1
570,28,O_1
570,29,O_1
570,30,O_1
570,31,O_1
570,32,O_1
570,33,O_1
570,34,O_1
570,35,O_1
570,36,O_1
570,37,O_1
570,38,O_1
570,39,O_2
570,40,O_2
570,41,F
571,0,H
571,1,H
571,2,H
571,3,O_1
571,4,O_2
571,5,O_2
571,6,F
572,0,H
572,1,H
572,2,H
572,3,H
572,4,H
572,5,H
572,6,H
572,7,B_1
572,8,B_1
572,9,B_1
572,10,B_1
572,11,B_1
572,12,B_1
572,13,B_1
572,14,B_2
572,15,B_2
572,16,F
573,0,H
573,1,H
573,2,H
573,3,H
573,4,H
573,5,O_1
573,6,O_1
573,7,O_1
573,8,O_1
573,9,O_1
573,10,O_1
573,11,O_1
573,12,O_1
573,13,O_1
573,14,O_1
573,15,O_1
573,16,O_1
573,17,O_1
573,18,O_1
573,19,O_1
573,20,O_1
573,21,O_1
573,22,O_1
573,23,O_1
573,24,O_1
573,25,O_1
573,26,O_1
573,27,O_1
573,28,O_1
573,29,O_2
573,30,O_2
573,31,O_2
573,32,F
574,0,H
574,1,H
574,2,H
574,3,H
574,4,H
574,5,H
574,6,H
574,7,H
574,8,H
574,9,H
574,10,H
574,11,H
574,12,H
574,13,H
574,14,H
574,15,H
574,16,H
574,17,H
574,18,H
574,19,H
574,20,H
574,21,H
574,22,H
574,23,H
574,24,H
574,25,H
574,26,H
574,27,H
574,28,H
574,29,H
574,30,H
574,31,H
574,32,H
574,33,H
574,34,H
574,35,H
574,36,H
574,37,H
574,38,H
574,39,H
574,40,H
574,41,H
574,42,H
574,43,H
574,44,H
574,45,H
574,46,H
574,47,H
574,48,H
574,49,H
574,50,H
574,51,O_1
574,52,O_1
574,53,O_1
574,54,O_1
574,55,O_1
574,56,O_1
574,57,O_1
574,58,O_1
574,59,O_1
574,60,O_1
574,61,O_2
574,62,O_2
574,63,O_2
574,64,O_2
574,65,O_2
574,66,F
575,0,H
575,1,H
575,2,H
575,3,H
575,4,H
575,5,H
575,6,H
575,7,H
575,8,I_1
575,9,I_1
575,10,I_1
575,11,I_1
575,12,I_2
575,13,I_2
575,14,I_2
575,15,I_2
575,16,I_2
575,17,F
576,0,H
576,1,H
576,2,H
576,3,H
576,4,H
576,5,O_1
576,6,O_1
576,7,O_1
576,8,O_1
576,9,O_1
576,10,O_1
576,11,O_1
576,12,O_1
576,13,O_1
576,14,O_2
576,15,F
577,0,H
577,1,H
577,2,H
577,3,O_1
577,4,O_1
577,5,O_1
577,6,O_1
577,7,O_1
577,8,O_1
577,9,O_1
577,10,O_1
577,11,O_1
577,12,O_1
577,13,O_1
577,14,O_1
577,15,O_1
577,16,O_1
577,17,O_1
577,18,O_2
577,19,O_2
577,20,O_2
577,21,O_2
577,22,O_2
577,23,O_2
577,24,O_2
577,25,O_2
577,26,O_2
577,27,O_2
577,28,O_2
577,29,O_2
577,30,O_2
577,31,O_2
577,32,O_2
577,33,O_2
577,34,O_2
577,35,O_2
577,36,O_2
577,37,O_2
577,38,O_2
577,39,O_2
577,40,O_2
577,41,O_2
577,42,O_2
577,43,O_2
577,44,O_2
577,45,O_2
577,46,O_2
577,47,O_2
577,48,O_2
577,49,O_2
577,50,O_2
577,51,F
578,0,H
578,1,O_1
578,2,O_1
578,3,O_1
578,4,O_1
578,5,O_1
578,6,O_1
578,7,O_1
578,8,O_1
578,9,O_1
578,10,O_1
578,11,O_1
578,12,O_1
578,13,O_1
578,14,O_1
578,15,O_1
578,16,O_1
578,17,O_1
578,18,O_1
578,19,O_1
578,20,O_1
578,21,O_1
578,22,O_1
578,23,O_1
578,24,O_1
578,25,O_1
578,26,O_1
578,27,O_1
578,28,O_1
578,29,O_1
578,30,O_1
578,31,O_1
578,32,O_1
578,33,O_1
578,34,O_1
578,35,O_1
578,36,O_1
578,37,O_1
578,38,O_1
578,39,O_1
578,40,O_1
578,41,O_1
578,42,O_2
578,43,F
579,0,H
579,1,O_1
579,2,O_1
579,3,O_1
579,4,O_1
579,5,O_1
579,6,O_1
579,7,O_1
579,8,O_1
579,9,O_1
579,10,O_1
579,11,O_1
579,12,O_2
579,13,O_2
579,14,O_2
579,15,O_2
579,16,O_2
579,17,F
580,0,H
580,1,H
580,2,B_1
580,3,B_1
580,4,B_2
580,5,B_2
580,6,B_2
580,7,B_2
580,8,B_2
580,9,B_2
580,10,B_2
580,11,F
581,0,H
581,1,H
581,2,H
581,3,H
581,4,H
581,5,H
581,6,H
581,7,H
581,8,H
581,9,H
581,10,H
581,11,H
581,12,H
581,13,H
581,14,H
581,15,I_1
581,16,I_2
581,17,I_2
581,18,I_2
581,19,I_2
581,20,I_2
581,21,I_2
581,22,I_2
581,23,F
582,0,H
582,1,H
582,2,H
582,3,H
582,4,H
582,5,H
582,6,I_1
582,7,I_1
582,8,I_1
582,9,I_1
582,10,I_2
582,11,I_2
582,12,I_2
582,13,I_2
582,14,F
583,0,H
583,1,H
583,2,H
583,3,H
583,4,H
583,5,H
583,6,H
583,7,H
583,8,B_1
583,9,B_2
583,10,B_2
583,11,B_2
583,12,B_2
583,13,F
584,0,H
584,1,H
584,2,I_1
584,3,I_2
584,4,F
585,0,H
585,1,H
585,2,H
585,3,H
585,4,H
585,5,H
585,6,H
585,7,H
585,8,H
585,9,H
585,10,H
585,11,H
585,12,H
585,13,H
585,14,H
585,15,H
585,16,H
585,17,H
585,18,O_1
585,19,O_1
585,20,O_2
585,21,F
586,0,H
586,1,H
586,2,H
586,3,H
586,4,H
586,5,H
586,6,H
586,7,H
586,8,H
586,9,I_1
586,10,I_1
586,11,I_1
586,12,I_1
586,13,I_1
586,14,I_1
586,15,I_1
586,16,I_1
586,17,I_1
586,18,I_1
586,19,I_1
586,20,I_1
586,21,I_2
586,22,I_2
586,23,I_2
586,24,F
587,0,H
587,1,H
587,2,H
587,3,H
587,4,H
587,5,H
587,6,O_1
587,7,O_1
587,8,O_1
587,9,O_1
587,10,O_1
587,11,O_2
587,12,O_2
587,13,O_2
587,14,O_2
587,15,O_2
587,16,O_2
587,17,O_2
587,18,O_2
587,19,O_2
587,20,O_2
587,21,O_2
587,22,O_2
587,23,O_2
587,24,O_2
587,25,O_2
587,26,O_2
587,27,O_2
587,28,F
588,0,H
588,1,H
588,2,H
588,3,B_1
588,4,B_1
588,5,B_1
588,6,B_1
588,7,B_2
588,8,B_2
588,9,F
589,0,H
589,1,H
589,2,H
589,3,H
589,4,H
589,5,O_1
589,6,O_1
589,7,O_1
589,8,O_1
589,9,O_2
589,10,O_2
589,11,O_2
589,12,O_2
589,13,O_2
589,14,O_2
589,15,F
590,0,H
590,1,H
590,2,H
590,3,H
590,4,H
590,5,H
590,6,H
590,7,H
590,8,H
590,9,H
590,10,H
590,11,H
590,12,H
590,13,H
590,14,H
590,15,H
590,16,H
590,17,H
590,18,H
590,19,H
590,20,H
590,21,H
590,22,H
590,23,H
590,24,H
590,25,H
590,26,H
590,27,B_1
590,28,B_1
590,29,B_1
590,30,B_1
590,31,B_1
590,32,B_1
590,33,B_1
590,34,B_1
590,35,B_1
590,36,B_1
590,37,B_1
590,38,B_1
590,39,B_1
590,40,B_2
590,41,F
591,0,H
591,1,H
591,2,H
591,3,H
591,4,H
591,5,H
591,6,O_1
591,7,O_1
591,8,O_1
591,9,O_2
591,10,O_2
591,11,O_2
591,12,O_2
591,13,O_2
591,14,O_2
591,15,O_2
591,16,O_2
591,17,O_2
591,18,O_2
591,19,O_2
591,20,O_2
591,21,O_2
591,22,O_2
591,23,O_2
591,24,O_2
591,25,O_2
591,26,O_2
591,27,F
592,0,H
592,1,H
592,2,H
592,3,O_1
592,4,O_1
592,5,O_1
592,6,O_1
592,7,O_1
592,8,O_2
592,9,O_2
592,10,O_2
592,11,F
593,0,H
593,1,H
593,2,H
593,3,H
593,4,H
593,5,I_1
593,6,I_2
593,7,I_2
593,8,I_2
593,9,I_2
593,10,I_2
593,11,I_2
593,12,I_2
593,13,I_2
593,14,I_2
593,15,I_2
593,16,F
594,0,H
594,1,H
594,2,H
594,3,H
594,4,H
594,5,H
594,6,H
594,7,H
594,8,H
594,9,B_1
594,10,B_1
594,11,B_1
594,12,B_1
594,13,B_2
594,14,F
595,0,H
595,1,H
595,2,H
595,3,H
595,4,H
595,5,H
595,6,H
595,7,H
595,8,H
595,9,H
595,10,H
595,11,H
595,12,H
595,13,O_1
595,14,O_2
595,15,O_2
595,16,O_2
595,17,O_2
595,18,O_2
595,19,O_2
595,20,O_2
595,21,O_2
595,22,O_2
595,23,O_2
595,24,F
596,0,H
596,1,H
596,2,H
596,3,H
596,4,H
596,5,I_1
596,6,I_1
596,7,I_1
596,8,I_1
596,9,I_2
596,10,I_2
596,11,I_2
596,12,F
597,0,H
597,1,H
597,2,H
597,3,H
597,4,I_1
597,5,I_1
597,6,I_1
597,7,I_1
597,8,I_1
597,9,I_1
597,10,I_2
597,11,I_2
597,12,I_2
597,13,I_2
597,14,I_2
597,15,I_2
597,16,F
598,0,H
598,1,H
598,2,H
598,3,H
598,4,H
598,5,H
598,6,H
598,7,H
598,8,O_1
598,9,O_1
598,10,O_1
598,11,O_1
598,12,O_1
598,13,O_1
598,14,O_1
598,15,O_1
598,16,O_2
598,17,O_2
598,18,O_2
598,19,O_2
598,20,F
599,0,H
599,1,H
599,2,H
599,3,H
599,4,H
599,5,B_1
599,6,B_2
599,7,F
600,0,H
600,1,H
600,2,H
600,3,H
600,4,H
600,5,O_1
600,6,O_2
600,7,O_2
600,8,O_2
600,9,O_2
600,10,O_2
600,11,O_2
600,12,O_2
600,13,O_2
600,14,O_2
600,15,O_2
600,16,O_2
600,17,O_2
600,18,O_2
600,19,O_2
600,20,O_2
600,21,F
601,0,H
601,1,H
601,2,O_1
601,3,O_1
601,4,O_2
601,5,O_2
601,6,F
602,0,H
602,1,H
602,2,H
602,3,H
602,4,H
602,5,H
602,6,B_1
602,7,B_2
602,8,B_2
602,9,B_2
602,10,B_2
602,11,F
603,0,H
603,1,H
603,2,H
603,3,H
603,4,H
603,5,H
603,6,H
603,7,H
603,8,H
603,9,H
603,10,B_1
603,11,B_1
603,12,B_2
603,13,F
604,0,H
604,1,H
604,2,H
604,3,H
604,4,H
604,5,H
604,6,H
604,7,H
604,8,H
604,9,H
604,10,B_1
604,11,B_2
604,12,F
605,0,H
605,1,H
605,2,H
605,3,I_1
605,4,I_2
605,5,I_2
605,6,F
606,0,H
606,1,H
606,2,H
606,3,H
606,4,H
606,5,H
606,6,B_1
606,7,B_2
606,8,B_2
606,9,F
607,0,H
607,1,H
607,2,H
607,3,H
607,4,H
607,5,H
607,6,H
607,7,H
607,8,H
607,9,H
607,10,I_1
607,11,I_1
607,12,I_1
607,13,I_1
607,14,I_1
607,15,I_1
607,16,I_1
607,17,I_1
607,18,I_1
607,19,I_1
607,20,I_1
607,21,I_1
607,22,I_1
607,23,I_2
607,24,I_2
607,25,I_2
607,26,F
608,0,H
608,1,O_1
608,2,O_1
608,3,O_1
608,4,O_1
608,5,O_1
608,6,O_1
608,7,O_1
608,8,O_1
608,9,O_1
608,10,O_1
608,11,O_1
608,12,O_1
608,13,O_1
608,14,O_1
608,15,O_1
608,16,O_1
608,17,O_1
608,18,O_1
608,19,O_1
608,20,O_1
608,21,O_1
608,22,O_1
608,23,O_1
608,24,O_1
608,25,O_1
608,26,O_1
608,27,O_1
608,28,O_2
608,29,O_2
608,30,O_2
608,31,O_2
608,32,O_2
608,33,O_2
608,34,F
609,0,H
609,1,H
609,2,H
609,3,H
609,4,H
609,5,H
609,6,H
609,7,H
609,8,H
609,9,H
609,10,H
609,11,H
609,12,H
609,13,H
609,14,H
609,15,H
609,16,H
609,17,H
609,18,H
609,19,H
609,20,H
609,21,I_1
609,22,I_2
609,23,I_2
609,24,F
610,0,H
610,1,H
610,2,H
610,3,H
610,4,H
610,5,H
610,6,H
610,7,H
610,8,H
610,9,H
610,10,H
610,11,H
610,12,H
610,13,H
610,14,H
610,15,H
610,16,O_1
610,17,O_1
610,18,O_1
610,19,O_1
610,20,O_1
610,21,O_1
610,22,O_1
610,23,O_1
610,24,O_2
610,25,O_2
610,26,O_2
610,27,O_2
610,28,O_2
610,29,O_2
610,30,O_2
610,31,O_2
610,32,O_2
610,33,O_2
610,34,O_2
610,35,F
611,0,H
611,1,H
611,2,H
611,3,H
611,4,H
611,5,H
611,6,I_1
611,7,I_1
611,8,I_1
611,9,I_1
611,10,I_2
611,11,I_2
611,12,I_2
611,13,I_2
611,14,I_2
611,15,I_2
611,16,I_2
611,17,F
612,0,H
612,1,H
612,2,H
612,3,H
612,4,H
612,5,H
612,6,H
612,7,H
612,8,H
612,9,H
612,10,H
612,11,H
612,12,H
612,13,H
612,14,O_1
612,15,O_1
612,16,O_1
612,17,O_1
612,18,O_1
612,19,O_1
612,20,O_1
612,21,O_1
612,22,O_1
612,23,O_1
612,24,O_1
612,25,O_1
612,26,O_1
612,27,O_1
612,28,O_1
612,29,O_1
612,30,O_1
612,31,O_1
612,32,O_1
612,33,O_1
612,34,O_1
612,35,O_1
612,36,O_1
612,37,O_1
612,38,O_2
612,39,O_2
612,40,O_2
612,41,O_2
612,42,O_2
612,43,O_2
612,44,O_2
612,45,O_2
612,46,F
613,0,H
613,1,H
613,2,H
613,3,H
613,4,H
613,5,H
613,6,H
613,7,H
613,8,H
613,9,H
613,10,H
613,11,H
613,12,H
613,13,I_1
613,14,I_1
613,15,I_2
613,16,I_2
613,17,I_2
613,18,F
614,0,H
614,1,O_1
614,2,O_1
614,3,O_1
614,4,O_2
614,5,F
615,0,H
615,1,H
615,2,I_1
615,3,I_1
615,4,I_2
615,5,I_2
615,6,I_2
615,7,I_2
615,8,I_2
615,9,I_2
615,10,I_2
615,11,I_2
615,12,I_2
615,13,I_2
615,14,I_2
615,15,I_2
615,16,I_2
615,17,I_2
615,18,I_2
615,19,F
616,0,H
616,1,H
616,2,H
616,3,H
616,4,H
616,5,O_1
616,6,O_1
616,7,O_1
616,8,O_1
616,9,O_1
616,10,O_1
616,11,O_1
616,12,O_1
616,13,O_1
616,14,O_1
616,15,O_1
616,16,O_1
616,17,O_1
616,18,O_1
616,19,O_1
616,20,O_1
616,21,O_2
616,22,O_2
616,23,O_2
616,24,F
617,0,H
617,1,H
617,2,H
617,3,H
617,4,H
617,5,H
617,6,H
617,7,O_1
617,8,O_1
617,9,O_2
617,10,O_2
617,11,O_2
617,12,F
618,0,H
618,1,H
618,2,O_1
618,3,O_1
618,4,O_1
618,5,O_1
618,6,O_1
618,7,O_1
618,8,O_2
618,9,O_2
618,10,O_2
618,11,O_2
618,12,O_2
618,13,O_2
618,14,O_2
618,15,F
619,0,H
619,1,H
619,2,B_1
619,3,B_2
619,4,F
620,0,H
620,1,H
620,2,H
620,3,H
620,4,H
620,5,H
620,6,H
620,7,O_1
620,8,O_1
620,9,O_1
620,10,O_1
620,11,O_1
620,12,O_2
620,13,O_2
620,14,O_2
620,15,O_2
620,16,O_2
620,17,O_2
620,18,O_2
620,19,O_2
620,20,O_2
620,21,O_2
620,22,O_2
620,23,O_2
620,24,O_2
620,25,O_2
620,26,O_2
620,27,O_2
620,28,O_2
620,29,O_2
620,30,O_2
620,31,O_2
620,32,O_2
620,33,O_2
620,34,O_2
620,35,O_2
620,36,O_2
620,37,O_2
620,38,O_2
620,39,O_2
620,40,O_2
620,41,O_2
620,42,O_2
620,43,O_2
620,44,O_2
620,45,O_2
620,46,O_2
620,47,O_2
620,48,O_2
620,49,O_2
620,50,O_2
620,51,O_2
620,52,O_2
620,53,O_2
620,54,F
621,0,H
621,1,H
621,2,I_1
621,3,I_1
621,4,I_1
621,5,I_1
621,6,I_2
621,7,I_2
621,8,I_2
621,9,I_2
621,10,I_2
621,11,I_2
621,12,F
622,0,H
622,1,H
622,2,H
622,3,H
622,4,O_1
622,5,O_1
622,6,O_1
622,7,O_1
622,8,O_1
622,9,O_1
622,10,O_1
622,11,O_1
622,12,O_1
622,13,O_1
622,14,O_1
622,15,O_1
622,16,O_1
622,17,O_1
622,18,O_1
622,19,O_1
622,20,O_1
622,21,O_1
622,22,O_1
622,23,O_1
622,24,O_1
622,25,O_1
622,26,O_1
622,27,O_1
622,28,O_1
622,29,O_1
622,30,O_1
622,31,O_1
622,32,O_1
622,33,O_1
622,34,O_1
622,35,O_1
622,36,O_1
622,37,O_1
622,38,O_1
622,39,O_1
622,40,O_1
622,41,O_1
622,42,O_1
622,43,O_1
622,44,O_1
622,45,O_1
622,46,O_1
622,47,O_1
622,48,O_1
622,49,O_1
622,50,O_1
622,51,O_1
622,52,O_1
622,53,O_1
622,54,O_1
622,55,O_2
622,56,O_2
622,57,O_2
622,58,O_2
622,59,O_2
622,60,O_2
622,61,O_2
622,62,O_2
622,63,O_2
622,64,O_2
622,65,O_2
622,66,O_2
622,67,O_2
622,68,O_2
622,69,O_2
622,70,F
623,0,H
623,1,H
623,2,H
623,3,H
623,4,H
623,5,H
623,6,H
623,7,H
623,8,H
623,9,B_1
623,10,B_1
623,11,B_2
623,12,F
624,0,H
624,1,H
624,2,H
624,3,H
624,4,H
624,5,H
624,6,H
624,7,H
624,8,H
624,9,H
624,10,H
624,11,H
624,12,H
624,13,H
624,14,H
624,15,H
624,16,H
624,17,H
624,18,H
624,19,H
624,20,H
624,21,H
624,22,H
624,23,H
624,24,H
624,25,H
624,26,H
624,27,H
624,28,H
624,29,H
624,30,H
624,31,H
624,32,H
624,33,H
624,34,H
624,35,H
624,36,H
624,37,H
624,38,H
624,39,H
624,40,H
624,41,H
624,42,H
624,43,H
624,44,H
624,45,H
624,46,H
624,47,H
624,48,H
624,49,H
624,50,H
624,51,H
624,52,H
624,53,H
624,54,H
624,55,O_1
624,56,O_2
624,57,O_2
624,58,O_2
624,59,O_2
624,60,O_2
624,61,O_2
624,62,O_2
624,63,O_2
624,64,O_2
624,65,O_2
624,66,O_2
624,67,O_2
624,68,O_2
624,69,O_2
624,70,O_2
624,71,O_2
624,72,F
625,0,H
625,1,H
625,2,O_1
625,3,O_1
625,4,O_1
625,5,O_1
625,6,O_1
625,7,O_1
625,8,O_1
625,9,O_1
625,10,O_1
625,11,O_1
625,12,O_1
625,13,O_1
625,14,O_1
625,15,O_1
625,16,O_1
625,17,O_1
625,18,O_1
625,19,O_1
625,20,O_1
625,21,O_1
625,22,O_1
625,23,O_1
625,24,O_1
625,25,O_1
625,26,O_1
625,27,O_1
625,28,O_1
625,29,O_1
625,30,O_1
625,31,O_1
625,32,O_1
625,33,O_2
625,34,O_2
625,35,O_2
625,36,O_2
625,37,O_2
625,38,O_2
625,39,O_2
625,40,O_2
625,41,O_2
625,42,O_2
625,43,O_2
625,44,O_2
625,45,O_2
625,46,F
626,0,H
626,1,O_1
626,2,O_1
626,3,O_1
626,4,O_1
626,5,O_1
626,6,O_1
626,7,O_1
626,8,O_1
626,9,O_1
626,10,O_1
626,11,O_2
626,12,O_2
626,13,O_2
626,14,O_2
626,15,O_2
626,16,O_2
626,17,O_2
626,18,F
627,0,H
627,1,H
627,2,I_1
627,3,I_1
627,4,I_2
627,5,I_2
627,6,I_2
627,7,I_2
627,8,I_2
627,9,I_2
627,10,F
628,0,H
628,1,H
628,2,O_1
628,3,O_1
628,4,O_1
628,5,O_1
628,6,O_1
628,7,O_1
628,8,O_1
628,9,O_1
628,10,O_1
628,11,O_1
628,12,O_1
628,13,O_1
628,14,O_1
628,15,O_1
628,16,O_1
628,17,O_1
628,18,O_1
628,19,O_1
628,20,O_1
628,21,O_1
628,22,O_1
628,23,O_1
628,24,O_1
628,25,O_1
628,26,O_1
628,27,O_1
628,28,O_1
628,29,O_1
628,30,O_1
628,31,O_1
628,32,O_2
628,33,F
629,0,H
629,1,H
629,2,H
629,3,H
629,4,H
629,5,H
629,6,H
629,7,H
629,8,H
629,9,H
629,10,H
629,11,O_1
629,12,O_1
629,13,O_1
629,14,O_1
629,15,O_2
629,16,O_2
629,17,O_2
629,18,O_2
629,19,O_2
629,20,O_2
629,21,O_2
629,22,F
630,0,H
630,1,H
630,2,H
630,3,H
630,4,H
630,5,H
630,6,H
630,7,I_1
630,8,I_1
630,9,I_1
630,10,I_1
630,11,I_1
630,12,I_1
630,13,I_1
630,14,I_1
630,15,I_1
630,16,I_1
630,17,I_1
630,18,I_1
630,19,I_1
630,20,I_1
630,21,I_1
630,22,I_1
630,23,I_1
630,24,I_1
630,25,I_1
630,26,I_1
630,27,I_1
630,28,I_2
630,29,I_2
630,30,I_2
630,31,I_2
630,32,I_2
630,33,I_2
630,34,F
631,0,H
631,1,H
631,2,H
631,3,H
631,4,H
631,5,H
631,6,H
631,7,H
631,8,O_1
631,9,O_1
631,10,O_1
631,11,O_1
631,12,O_1
631,13,O_1
631,14,O_1
631,15,O_1
631,16,O_1
631,17,O_1
631,18,O_1
631,19,O_1
631,20,O_1
631,21,O_1
631,22,O_1
631,23,O_1
631,24,O_1
631,25,O_1
631,26,O_1
631,27,O_1
631,28,O_1
631,29,O_1
631,30,O_1
631,31,O_2
631,32,O_2
631,33,O_2
631,34,O_2
631,35,O_2
631,36,O_2
631,37,O_2
631,38,O_2
631,39,O_2
631,40,O_2
631,41,O_2
631,42,O_2
631,43,O_2
631,44,O_2
631,45,O_2
631,46,F
632,0,H
632,1,H
632,2,H
632,3,H
632,4,H
632,5,H
632,6,H
632,7,H
632,8,H
632,9,H
632,10,O_1
632,11,O_1
632,12,O_2
632,13,O_2
632,14,O_2
632,15,F
633,0,H
633,1,H
633,2,H
633,3,H
633,4,H
633,5,B_1
633,6,B_2
633,7,B_2
633,8,B_2
633,9,F
634,0,H
634,1,O_1
634,2,O_1
634,3,O_1
634,4,O_1
634,5,O_1
634,6,O_1
634,7,O_1
634,8,O_1
634,9,O_1
634,10,O_1
634,11,O_1
634,12,O_1
634,13,O_1
634,14,O_1
634,15,O_2
634,16,O_2
634,17,O_2
634,18,O_2
634,19,O_2
634,20,F
635,0,H
635,1,H
635,2,H
635,3,H
635,4,H
635,5,H
635,6,H
635,7,H
635,8,O_1
635,9,O_1
635,10,O_1
635,11,O_1
635,12,O_1
635,13,O_1
635,14,O_1
635,15,O_1
635,16,O_1
635,17,O_1
635,18,O_1
635,19,O_1
635,20,O_1
635,21,O_1
635,22,O_1
635,23,O_1
635,24,O_1
635,25,O_1
635,26,O_1
635,27,O_1
635,28,O_1
635,29,O_1
635,30,O_1
635,31,O_1
635,32,O_1
635,33,O_1
635,34,O_1
635,35,O_1
635,36,O_2
635,37,F
636,0,H
636,1,H
636,2,H
636,3,H
636,4,H
636,5,H
636,6,H
636,7,H
636,8,H
636,9,I_1
636,10,I_1
636,11,I_1
636,12,I_1
636,13,I_1
636,14,I_1
636,15,I_1
636,16,I_1
636,17,I_1
636,18,I_2
636,19,I_2
636,20,I_2
636,21,I_2
636,22,I_2
636,23,F
637,0,H
637,1,H
637,2,H
637,3,H
637,4,H
637,5,O_1
637,6,O_1
637,7,O_1
637,8,O_1
637,9,O_1
637,10,O_1
637,11,O_1
637,12,O_1
637,13,O_1
637,14,O_1
637,15,O_1
637,16,O_1
637,17,O_1
637,18,O_2
637,19,F
638,0,H
638,1,H
638,2,H
638,3,H
638,4,H
638,5,H
638,6,H
638,7,H
638,8,H
638,9,H
638,10,H
638,11,H
638,12,H
638,13,H
638,14,H
638,15,H
638,16,O_1
638,17,O_1
638,18,O_1
638,19,O_1
638,20,O_1
638,21,O_1
638,22,O_1
638,23,O_1
638,24,O_1
638,25,O_1
638,26,O_1
638,27,O_2
638,28,O_2
638,29,O_2
638,30,O_2
638,31,O_2
638,32,O_2
638,33,O_2
638,34,O_2
638,35,O_2
638,36,O_2
638,37,F
639,0,H
639,1,H
639,2,H
639,3,H
639,4,H
639,5,H
639,6,H
639,7,H
639,8,H
639,9,O_1
639,10,O_1
639,11,O_2
639,12,O_2
639,13,F
640,0,H
640,1,H
640,2,H
640,3,H
640,4,H
640,5,H
640,6,H
640,7,H
640,8,H
640,9,O_1
640,10,O_1
640,11,O_1
640,12,O_1
640,13,O_1
640,14,O_1
640,15,O_1
640,16,O_1
640,17,O_1
640,18,O_1
640,19,O_1
640,20,O_1
640,21,O_1
640,22,O_1
640,23,O_1
640,24,O_1
640,25,O_1
640,26,O_1
640,27,O_1
640,28,O_1
640,29,O_1
640,30,O_1
640,31,O_1
640,32,O_1
640,33,O_1
640,34,O_1
640,35,O_1
640,36,O_1
640,37,O_1
640,38,O_1
640,39,O_1
640,40,O_1
640,41,O_1
640,42,O_1
640,43,O_1
640,44,O_1
640,45,O_1
640,46,O_1
640,47,O_2
640,48,F
641,0,H
641,1,B_1
641,2,B_1
641,3,B_2
641,4,B_2
641,5,F
642,0,H
642,1,H
642,2,O_1
642,3,O_1
642,4,O_1
642,5,O_2
642,6,O_2
642,7,O_2
642,8,O_2
642,9,O_2
642,10,F
643,0,H
643,1,H
643,2,O_1
643,3,O_1
643,4,O_2
643,5,O_2
643,6,O_2
643,7,F
644,0,H
644,1,H
644,2,H
644,3,B_1
644,4,B_2
644,5,F
645,0,H
645,1,H
645,2,H
645,3,H
645,4,H
645,5,H
645,6,H
645,7,I_1
645,8,I_1
645,9,I_1
645,10,I_1
645,11,I_2
645,12,I_2
645,13,I_2
645,14,I_2
645,15,F
646,0,H
646,1,H
646,2,H
646,3,H
646,4,H
646,5,H
646,6,H
646,7,H
646,8,H
646,9,H
646,10,H
646,11,H
646,12,H
646,13,H
646,14,H
646,15,H
646,16,H
646,17,H
646,18,H
646,19,H
646,20,O_1
646,21,O_2
646,22,O_2
646,23,O_2
646,24,O_2
646,25,F
647,0,H
647,1,H
647,2,H
647,3,H
647,4,H
647,5,O_1
647,6,O_1
647,7,O_1
647,8,O_1
647,9,O_1
647,10,O_1
647,11,O_2
647,12,O_2
647,13,O_2
647,14,O_2
647,15,O_2
647,16,O_2
647,17,O_2
647,18,O_2
647,19,O_2
647,20,O_2
647,21,O_2
647,22,O_2
647,23,O_2
647,24,O_2
647,25,O_2
647,26,O_2
647,27,O_2
647,28,O_2
647,29,O_2
647,30,O_2
647,31,F
648,0,H
648,1,H
648,2,H
648,3,H
648,4,H
648,5,H
648,6,H
648,7,B_1
648,8,B_1
648,9,B_2
648,10,B_2
648,11,F
649,0,H
649,1,H
649,2,H
649,3,H
649,4,H
649,5,H
649,6,H
649,7,H
649,8,H
649,9,H
649,10,H
649,11,H
649,12,H
649,13,H
649,14,H
649,15,B_1
649,16,B_2
649,17,F
650,0,H
650,1,H
650,2,H
650,3,B_1
650,4,B_2
650,5,F
651,0,H
651,1,H
651,2,H
651,3,H
651,4,H
651,5,O_1
651,6,O_1
651,7,O_1
651,8,O_1
651,9,O_1
651,10,O_1
651,11,O_1
651,12,O_1
651,13,O_1
651,14,O_1
651,15,O_1
651,16,O_1
651,17,O_1
651,18,O_1
651,19,O_1
651,20,O_1
651,21,O_1
651,22,O_1
651,23,O_1
651,24,O_1
651,25,O_1
651,26,O_1
651,27,O_1
651,28,O_1
651,29,O_1
651,30,O_2
651,31,O_2
651,32,O_2
651,33,O_2
651,34,O_2
651,35,O_2
651,36,O_2
651,37,O_2
651,38,O_2
651,39,O_2
651,40,O_2
651,41,O_2
651,42,O_2
651,43,O_2
651,44,O_2
651,45,O_2
651,46,O_2
651,47,F
652,0,H
652,1,H
652,2,H
652,3,H
652,4,H
652,5,O_1
652,6,O_1
652,7,O_1
652,8,O_1
652,9,O_1
652,10,O_1
652,11,O_1
652,12,O_1
652,13,O_1
652,14,O_1
652,15,O_2
652,16,O_2
652,17,O_2
652,18,F
653,0,H
653,1,H
653,2,H
653,3,H
653,4,H
653,5,H
653,6,O_1
653,7,O_1
653,8,O_1
653,9,O_1
653,10,O_1
653,11,O_1
653,12,O_1
653,13,O_1
653,14,O_1
653,15,O_1
653,16,O_1
653,17,O_1
653,18,O_1
653,19,O_1
653,20,O_1
653,21,O_1
653,22,O_1
653,23,O_1
653,24,O_1
653,25,O_1
653,26,O_1
653,27,O_1
653,28,O_1
653,29,O_1
653,30,O_1
653,31,O_1
653,32,O_1
653,33,O_1
653,34,O_1
653,35,O_1
653,36,O_1
653,37,O_1
653,38,O_1
653,39,O_1
653,40,O_1
653,41,O_1
653,42,O_1
653,43,O_1
653,44,O_1
653,45,O_1
653,46,O_1
653,47,O_1
653,48,O_1
653,49,O_2
653,50,O_2
653,51,O_2
653,52,O_2
653,53,O_2
653,54,O_2
653,55,O_2
653,56,F
654,0,H
654,1,H
654,2,O_1
654,3,O_1
654,4,O_1
654,5,O_1
654,6,O_1
654,7,O_1
654,8,O_2
654,9,O_2
654,10,O_2
654,11,O_2
654,12,F
655,0,H
655,1,H
655,2,O_1
655,3,O_1
655,4,O_2
655,5,O_2
655,6,F
656,0,H
656,1,H
656,2,H
656,3,H
656,4,H
656,5,H
656,6,H
656,7,H
656,8,O_1
656,9,O_1
656,10,O_1
656,11,O_1
656,12,O_1
656,13,O_1
656,14,O_1
656,15,O_2
656,16,F
657,0,H
657,1,H
657,2,H
657,3,H
657,4,H
657,5,H
657,6,H
657,7,H
657,8,H
657,9,H
657,10,H
657,11,H
657,12,H
657,13,H
657,14,O_1
657,15,O_1
657,16,O_1
657,17,O_1
657,18,O_1
657,19,O_1
657,20,O_1
657,21,O_1
657,22,O_1
657,23,O_1
657,24,O_1
657,25,O_1
657,26,O_1
657,27,O_1
657,28,O_1
657,29,O_1
657,30,O_1
657,31,O_1
657,32,O_1
657,33,O_1
657,34,O_1
657,35,O_1
657,36,O_1
657,37,O_1
657,38,O_1
657,39,O_1
657,40,O_1
657,41,O_1
657,42,O_1
657,43,O_2
657,44,O_2
657,45,O_2
657,46,O_2
657,47,O_2
657,48,O_2
657,49,F
658,0,H
658,1,H
658,2,H
658,3,H
658,4,H
658,5,H
658,6,O_1
658,7,O_1
658,8,O_1
658,9,O_1
658,10,O_1
658,11,O_1
658,12,O_1
658,13,O_1
658,14,O_1
658,15,O_1
658,16,O_1
658,17,O_1
658,18,O_1
658,19,O_1
658,20,O_1
658,21,O_1
658,22,O_1
658,23,O_1
658,24,O_1
658,25,O_1
658,26,O_1
658,27,O_1
658,28,O_1
658,29,O_1
658,30,O_1
658,31,O_1
658,32,O_1
658,33,O_1
658,34,O_1
658,35,O_1
658,36,O_1
658,37,O_1
658,38,O_1
658,39,O_1
658,40,O_1
658,41,O_1
658,42,O_1
658,43,O_2
658,44,O_2
658,45,O_2
658,46,O_2
658,47,O_2
658,48,O_2
658,49,O_2
658,50,F
659,0,H
659,1,O_1
659,2,O_2
659,3,O_2
659,4,O_2
659,5,O_2
659,6,O_2
659,7,O_2
659,8,O_2
659,9,O_2
659,10,O_2
659,11,O_2
659,12,O_2
659,13,O_2
659,14,O_2
659,15,F
660,0,H
660,1,H
660,2,H
660,3,H
660,4,H
660,5,H
660,6,H
660,7,H
660,8,H
660,9,H
660,10,H
660,11,H
660,12,H
660,13,H
660,14,H
660,15,H
660,16,H
660,17,H
660,18,H
660,19,H
660,20,H
660,21,B_1
660,22,B_1
660,23,B_1
660,24,B_2
660,25,F
661,0,H
661,1,H
661,2,H
661,3,H
661,4,H
661,5,O_1
661,6,O_1
661,7,O_1
661,8,O_1
661,9,O_1
661,10,O_1
661,11,O_1
661,12,O_1
661,13,O_1
661,14,O_1
661,15,O_2
661,16,O_2
661,17,O_2
661,18,O_2
661,19,O_2
661,20,O_2
661,21,O_2
661,22,O_2
661,23,O_2
661,24,O_2
661,25,O_2
661,26,O_2
661,27,O_2
661,28,O_2
661,29,O_2
661,30,O_2
661,31,O_2
661,32,O_2
661,33,O_2
661,34,O_2
661,35,O_2
661,36,O_2
661,37,O_2
661,38,O_2
661,39,O_2
661,40,O_2
661,41,O_2
661,42,O_2
661,43,O_2
661,44,O_2
661,45,F
662,0,H
662,1,H
662,2,H
662,3,H
662,4,H
662,5,H
662,6,H
662,7,H
662,8,H
662,9,O_1
662,10,O_1
662,11,O_1
662,12,O_1
662,13,O_1
662,14,O_1
662,15,O_1
662,16,O_1
662,17,O_1
662,18,O_1
662,19,O_1
662,20,O_1
662,21,O_1
662,22,O_1
662,23,O_1
662,24,O_1
662,25,O_1
662,26,O_1
662,27,O_1
662,28,O_1
662,29,O_1
662,30,O_2
662,31,O_2
662,32,F
663,0,H
663,1,I_1
663,2,I_2
663,3,I_2
663,4,I_2
663,5,I_2
663,6,I_2
663,7,I_2
663,8,I_2
663,9,F
664,0,H
664,1,I_1
664,2,I_1
664,3,I_1
664,4,I_1
664,5,I_1
664,6,I_1
664,7,I_1
664,8,I_1
664,9,I_1
664,10,I_1
664,11,I_1
664,12,I_1
664,13,I_1
664,14,I_1
664,15,I_2
664,16,I_2
664,17,I_2
664,18,I_2
664,19,I_2
664,20,I_2
664,21,I_2
664,22,I_2
664,23,F
665,0,H
665,1,H
665,2,H
665,3,H
665,4,O_1
665,5,O_1
665,6,O_1
665,7,O_1
665,8,O_1
665,9,O_1
665,10,O_1
665,11,O_1
665,12,O_1
665,13,O_1
665,14,O_1
665,15,O_1
665,16,O_1
665,17,O_1
665,18,O_1
665,19,O_1
665,20,O_1
665,21,O_1
665,22,O_2
665,23,O_2
665,24,O_2
665,25,O_2
665,26,O_2
665,27,O_2
665,28,F
666,0,H
666,1,H
666,2,H
666,3,H
666,4,O_1
666,5,O_1
666,6,O_1
666,7,O_1
666,8,O_1
666,9,O_1
666,10,O_1
666,11,O_1
666,12,O_1
666,13,O_1
666,14,O_1
666,15,O_1
666,16,O_1
666,17,O_1
666,18,O_1
666,19,O_1
666,20,O_2
666,21,O_2
666,22,O_2
666,23,O_2
666,24,O_2
666,25,O_2
666,26,O_2
666,27,O_2
666,28,O_2
666,29,O_2
666,30,O_2
666,31,O_2
666,32,O_2
666,33,O_2
666,34,O_2
666,35,O_2
666,36,O_2
666,37,F
667,0,H
667,1,H
667,2,H
667,3,H
667,4,H
667,5,O_1
667,6,O_1
667,7,O_1
667,8,O_1
667,9,O_1
667,10,O_1
667,11,O_1
667,12,O_1
667,13,O_1
667,14,O_1
667,15,O_1
667,16,O_1
667,17,O_1
667,18,O_1
667,19,O_1
667,20,O_1
667,21,O_1
667,22,O_1
667,23,O_1
667,24,O_1
667,25,O_1
667,26,O_1
667,27,O_1
667,28,O_1
667,29,O_1
667,30,O_1
667,31,O_1
667,32,O_1
667,33,O_1
667,34,O_1
667,35,O_1
667,36,O_1
667,37,O_1
667,38,O_1
667,39,O_2
667,40,O_2
667,41,O_2
667,42,O_2
667,43,O_2
667,44,O_2
667,45,O_2
667,46,O_2
667,47,O_2
667,48,O_2
667,49,O_2
667,50,O_2
667,51,O_2
667,52,O_2
667,53,O_2
667,54,O_2
667,55,O_2
667,56,O_2
667,57,O_2
667,58,O_2
667,59,O_2
667,60,O_2
667,61,O_2
667,62,O_2
667,63,O_2
667,64,F
668,0,H
668,1,H
668,2,O_1
668,3,O_1
668,4,O_1
668,5,O_1
668,6,O_1
668,7,O_1
668,8,O_1
668,9,O_1
668,10,O_1
668,11,O_1
668,12,O_1
668,13,O_1
668,14,O_1
668,15,O_1
668,16,O_1
668,17,O_1
668,18,O_1
668,19,O_1
668,20,O_1
668,21,O_1
668,22,O_1
668,23,O_1
668,24,O_1
668,25,O_1
668,26,O_1
668,27,O_1
668,28,O_2
668,29,O_2
668,30,O_2
668,31,O_2
668,32,O_2
668,33,O_2
668,34,O_2
668,35,O_2
668,36,F
669,0,H
669,1,H
669,2,H
669,3,H
669,4,H
669,5,H
669,6,H
669,7,H
669,8,H
669,9,H
669,10,H
669,11,H
669,12,H
669,13,H
669,14,H
669,15,I_1
669,16,I_1
669,17,I_1
669,18,I_1
669,19,I_1
669,20,I_1
669,21,I_1
669,22,I_1
669,23,I_2
669,24,I_2
669,25,I_2
669,26,F
670,0,H
670,1,H
670,2,H
670,3,H
670,4,B_1
670,5,B_2
670,6,B_2
670,7,B_2
670,8,B_2
670,9,B_2
670,10,B_2
670,11,B_2
670,12,F
671,0,H
671,1,H
671,2,H
671,3,I_1
671,4,I_1
671,5,I_2
671,6,I_2
671,7,I_2
671,8,I_2
671,9,I_2
671,10,I_2
671,11,F
672,0,H
672,1,H
672,2,H
672,3,H
672,4,H
672,5,H
672,6,H
672,7,H
672,8,H
672,9,H
672,10,H
672,11,H
672,12,H
672,13,O_1
672,14,O_1
672,15,O_1
672,16,O_2
672,17,O_2
672,18,O_2
672,19,F
673,0,H
673,1,H
673,2,H
673,3,H
673,4,H
673,5,B_1
673,6,B_1
673,7,B_1
673,8,B_1
673,9,B_1
673,10,B_1
673,11,B_1
673,12,B_2
673,13,B_2
673,14,B_2
673,15,B_2
673,16,F
674,0,H
674,1,H
674,2,H
674,3,H
674,4,H
674,5,H
674,6,O_1
674,7,O_1
674,8,O_1
674,9,O_1
674,10,O_1
674,11,O_1
674,12,O_1
674,13,O_1
674,14,O_1
674,15,O_1
674,16,O_1
674,17,O_1
674,18,O_1
674,19,O_1
674,20,O_1
674,21,O_1
674,22,O_1
674,23,O_2
674,24,O_2
674,25,O_2
674,26,O_2
674,27,O_2
674,28,O_2
674,29,O_2
674,30,O_2
674,31,O_2
674,32,O_2
674,33,O_2
674,34,O_2
674,35,O_2
674,36,O_2
674,37,O_2
674,38,O_2
674,39,O_2
674,40,O_2
674,41,O_2
674,42,O_2
674,43,O_2
674,44,O_2
674,45,O_2
674,46,O_2
674,47,O_2
674,48,O_2
674,49,O_2
674,50,O_2
674,51,O_2
674,52,O_2
674,53,O_2
674,54,O_2
674,55,O_2
674,56,O_2
674,57,O_2
674,58,O_2
674,59,O_2
674,60,F
675,0,H
675,1,H
675,2,H
675,3,H
675,4,H
675,5,H
675,6,H
675,7,H
675,8,H
675,9,H
675,10,H
675,11,H
675,12,H
675,13,I_1
675,14,I_1
675,15,I_1
675,16,I_1
675,17,I_1
675,18,I_1
675,19,I_1
675,20,I_1
675,21,I_1
675,22,I_1
675,23,I_1
675,24,I_1
675,25,I_1
675,26,I_1
675,27,I_1
675,28,I_1
675,29,I_1
675,30,I_2
675,31,I_2
675,32,I_2
675,33,I_2
675,34,F
676,0,H
676,1,H
676,2,H
676,3,H
676,4,H
676,5,B_1
676,6,B_1
676,7,B_2
676,8,B_2
676,9,F
677,0,H
677,1,H
677,2,H
677,3,H
677,4,H
677,5,H
677,6,O_1
677,7,O_1
677,8,O_1
677,9,O_2
677,10,O_2
677,11,O_2
677,12,O_2
677,13,O_2
677,14,O_2
677,15,O_2
677,16,O_2
677,17,O_2
677,18,O_2
677,19,O_2
677,20,O_2
677,21,O_2
677,22,O_2
677,23,O_2
677,24,O_2
677,25,O_2
677,26,O_2
677,27,O_2
677,28,O_2
677,29,O_2
677,30,O_2
677,31,O_2
677,32,F
678,0,H
678,1,H
678,2,H
678,3,H
678,4,O_1
678,5,O_2
678,6,O_2
678,7,O_2
678,8,O_2
678,9,F
679,0,H
679,1,H
679,2,H
679,3,B_1
679,4,B_2
679,5,B_2
679,6,B_2
679,7,B_2
679,8,F
680,0,H
680,1,H
680,2,H
680,3,H
680,4,H
680,5,H
680,6,H
680,7,H
680,8,H
680,9,H
680,10,H
680,11,O_1
680,12,O_2
680,13,F
681,0,H
681,1,H
681,2,H
681,3,H
681,4,H
681,5,H
681,6,H
681,7,H
681,8,H
681,9,H
681,10,H
681,11,H
681,12,I_1
681,13,I_2
681,14,I_2
681,15,I_2
681,16,I_2
681,17,F
682,0,H
682,1,O_1
682,2,O_1
682,3,O_1
682,4,O_1
682,5,O_2
682,6,F
683,0,H
683,1,O_1
683,2,O_1
683,3,O_1
683,4,O_1
683,5,O_1
683,6,O_1
683,7,O_1
683,8,O_1
683,9,O_2
683,10,O_2
683,11,O_2
683,12,O_2
683,13,O_2
683,14,O_2
683,15,O_2
683,16,O_2
683,17,O_2
683,18,O_2
683,19,O_2
683,20,O_2
683,21,O_2
683,22,O_2
683,23,O_2
683,24,O_2
683,25,O_2
683,26,O_2
683,27,O_2
683,28,O_2
683,29,O_2
683,30,O_2
683,31,F
684,0,H
684,1,H
684,2,H
684,3,H
684,4,H
684,5,H
684,6,O_1
684,7,O_1
684,8,O_1
684,9,O_1
684,10,O_2
684,11,O_2
684,12,O_2
684,13,O_2
684,14,O_2
684,15,O_2
684,16,O_2
684,17,O_2
684,18,O_2
684,19,O_2
684,20,O_2
684,21,O_2
684,22,O_2
684,23,O_2
684,24,F
685,0,H
685,1,H
685,2,H
685,3,H
685,4,O_1
685,5,O_1
685,6,O_1
685,7,O_1
685,8,O_1
685,9,O_1
685,10,O_2
685,11,O_2
685,12,O_2
685,13,O_2
685,14,O_2
685,15,O_2
685,16,O_2
685,17,O_2
685,18,F
686,0,H
686,1,H
686,2,H
686,3,H
686,4,H
686,5,H
686,6,H
686,7,H
686,8,H
686,9,H
686,10,H
686,11,H
686,12,H
686,13,H
686,14,H
686,15,H
686,16,B_1
686,17,B_1
686,18,B_2
686,19,F
687,0,H
687,1,H
687,2,H
687,3,H
687,4,H
687,5,H
687,6,H
687,7,H
687,8,H
687,9,H
687,10,H
687,11,H
687,12,H
687,13,H
687,14,H
687,15,H
687,16,B_1
687,17,B_2
687,18,B_2
687,19,F
688,0,H
688,1,H
688,2,H
688,3,H
688,4,H
688,5,H
688,6,H
688,7,H
688,8,H
688,9,H
688,10,H
688,11,H
688,12,H
688,13,H
688,14,B_1
688,15,B_2
688,16,F
689,0,H
689,1,H
689,2,H
689,3,H
689,4,O_1
689,5,O_1
689,6,O_2
689,7,O_2
689,8,O_2
689,9,O_2
689,10,O_2
689,11,O_2
689,12,O_2
689,13,O_2
689,14,O_2
689,15,F
690,0,H
690,1,H
690,2,H
690,3,H
690,4,H
690,5,H
690,6,H
690,7,H
690,8,H
690,9,H
690,10,H
690,11,H
690,12,H
690,13,H
690,14,H
690,15,H
690,16,O_1
690,17,O_1
690,18,O_1
690,19,O_1
690,20,O_1
690,21,O_1
690,22,O_1
690,23,O_1
690,24,O_1
690,25,O_2
690,26,O_2
690,27,O_2
690,28,O_2
690,29,O_2
690,30,O_2
690,31,O_2
690,32,O_2
690,33,O_2
690,34,F
691,0,H
691,1,H
691,2,H
691,3,H
691,4,O_1
691,5,O_1
691,6,O_2
691,7,O_2
691,8,O_2
691,9,O_2
691,10,O_2
691,11,O_2
691,12,F
692,0,H
692,1,H
692,2,H
692,3,H
692,4,O_1
692,5,O_1
692,6,O_1
692,7,O_1
692,8,O_1
692,9,O_1
692,10,O_1
692,11,O_1
692,12,O_1
692,13,O_1
692,14,O_1
692,15,O_1
692,16,O_1
692,17,O_1
692,18,O_1
692,19,O_1
692,20,O_1
692,21,O_1
692,22,O_1
692,23,O_1
692,24,O_1
692,25,O_1
692,26,O_1
692,27,O_1
692,28,O_1
692,29,O_1
692,30,O_1
692,31,O_1
692,32,O_1
692,33,O_1
692,34,O_1
692,35,O_1
692,36,O_1
692,37,O_1
692,38,O_1
692,39,O_1
692,40,O_1
692,41,O_1
692,42,O_1
692,43,O_1
692,44,O_1
692,45,O_1
692,46,O_1
692,47,O_1
692,48,O_1
692,49,O_1
692,50,O_1
692,51,O_1
692,52,O_1
692,53,O_1
692,54,O_1
692,55,O_1
692,56,O_1
692,57,O_1
692,58,O_1
692,59,O_1
692,60,O_1
692,61,O_1
692,62,O_1
692,63,O_1
692,64,O_1
692,65,O_1
692,66,O_1
692,67,O_1
692,68,O_1
692,69,O_1
692,70,O_1
692,71,O_1
692,72,O_1
692,73,O_1
692,74,O_1
692,75,O_1
692,76,O_1
692,77,O_1
692,78,O_1
692,79,O_1
692,80,O_1
692,81,O_1
692,82,O_1
692,83,O_1
692,84,O_1
692,85,O_1
692,86,O_1
692,87,O_1
692,88,O_1
692,89,O_1
692,90,O_1
692,91,O_1
692,92,O_1
692,93,O_1
692,94,O_1
692,95,O_1
692,96,O_1
692,97,O_1
692,98,O_1
692,99,O_1
692,100,O_1
692,101,O_2
692,102,O_2
692,103,O_2
692,104,O_2
692,105,O_2
692,106,O_2
692,107,O_2
692,108,O_2
692,109,O_2
692,110,O_2
692,111,O_2
692,112,O_2
692,113,O_2
692,114,O_2
692,115,O_2
692,116,F
693,0,H
693,1,H
693,2,I_1
693,3,I_1
693,4,I_1
693,5,I_1
693,6,I_1
693,7,I_1
693,8,I_2
693,9,I_2
693,10,I_2
693,11,I_2
693,12,I_2
693,13,I_2
693,14,F
694,0,H
694,1,H
694,2,H
694,3,H
694,4,H
694,5,O_1
694,6,O_1
694,7,O_1
694,8,O_1
694,9,O_1
694,10,O_1
694,11,O_2
694,12,O_2
694,13,O_2
694,14,O_2
694,15,O_2
694,16,O_2
694,17,O_2
694,18,F
695,0,H
695,1,H
695,2,H
695,3,H
695,4,H
695,5,H
695,6,H
695,7,H
695,8,H
695,9,H
695,10,H
695,11,H
695,12,H
695,13,I_1
695,14,I_1
695,15,I_1
695,16,I_1
695,17,I_1
695,18,I_1
695,19,I_1
695,20,I_1
695,21,I_1
695,22,I_1
695,23,I_2
695,24,I_2
695,25,I_2
695,26,F
696,0,H
696,1,H
696,2,H
696,3,H
696,4,H
696,5,H
696,6,H
696,7,H
696,8,H
696,9,H
696,10,H
696,11,H
696,12,O_1
696,13,O_1
696,14,O_1
696,15,O_1
696,16,O_1
696,17,O_1
696,18,O_1
696,19,O_2
696,20,O_2
696,21,O_2
696,22,O_2
696,23,O_2
696,24,O_2
696,25,O_2
696,26,O_2
696,27,O_2
696,28,O_2
696,29,O_2
696,30,O_2
696,31,O_2
696,32,O_2
696,33,O_2
696,34,O_2
696,35,O_2
696,36,O_2
696,37,O_2
696,38,O_2
696,39,O_2
696,40,O_2
696,41,O_2
696,42,O_2
696,43,O_2
696,44,O_2
696,45,O_2
696,46,O_2
696,47,O_2
696,48,O_2
696,49,O_2
696,50,O_2
696,51,O_2
696,52,O_2
696,53,O_2
696,54,O_2
696,55,O_2
696,56,O_2
696,57,O_2
696,58,O_2
696,59,O_2
696,60,O_2
696,61,O_2
696,62,O_2
696,63,O_2
696,64,O_2
696,65,O_2
696,66,O_2
696,67,O_2
696,68,O_2
696,69,O_2
696,70,F
697,0,H
697,1,H
697,2,H
697,3,H
697,4,H
697,5,O_1
697,6,O_2
697,7,O_2
697,8,O_2
697,9,O_2
697,10,O_2
697,11,O_2
697,12,O_2
697,13,O_2
697,14,O_2
697,15,O_2
697,16,O_2
697,17,O_2
697,18,O_2
697,19,O_2
697,20,O_2
697,21,O_2
697,22,O_2
697,23,O_2
697,24,O_2
697,25,O_2
697,26,O_2
697,27,O_2
697,28,O_2
697,29,O_2
697,30,O_2
697,31,O_2
697,32,O_2
697,33,O_2
697,34,O_2
697,35,O_2
697,36,O_2
697,37,O_2
697,38,O_2
697,39,O_2
697,40,F
698,0,H
698,1,H
698,2,H
698,3,H
698,4,H
698,5,H
698,6,H
698,7,H
698,8,H
698,9,H
698,10,H
698,11,H
698,12,H
698,13,H
698,14,H
698,15,H
698,16,H
698,17,O_1
698,18,O_1
698,19,O_1
698,20,O_1
698,21,O_1
698,22,O_1
698,23,O_1
698,24,O_1
698,25,O_2
698,26,F
699,0,H
699,1,H
699,2,H
699,3,H
699,4,H
699,5,O_1
699,6,O_1
699,7,O_2
699,8,O_2
699,9,O_2
699,10,O_2
699,11,O_2
699,12,F
700,0,H
700,1,H
700,2,H
700,3,H
700,4,H
700,5,H
700,6,H
700,7,H
700,8,H
700,9,H
700,10,H
700,11,H
700,12,O_1
700,13,O_1
700,14,O_1
700,15,O_1
700,16,O_1
700,17,O_1
700,18,O_1
700,19,O_1
700,20,O_1
700,21,O_1
700,22,O_1
700,23,O_1
700,24,O_1
700,25,O_1
700,26,O_2
700,27,O_2
700,28,O_2
700,29,F
701,0,H
701,1,H
701,2,H
701,3,H
701,4,H
701,5,H
701,6,H
701,7,H
701,8,H
701,9,H
701,10,H
701,11,H
701,12,H
701,13,H
701,14,H
701,15,H
701,16,H
701,17,H
701,18,H
701,19,H
701,20,H
701,21,H
701,22,H
701,23,H
701,24,H
701,25,H
701,26,O_1
701,27,O_2
701,28,O_2
701,29,O_2
701,30,O_2
701,31,O_2
701,32,O_2
701,33,O_2
701,34,F
702,0,H
702,1,H
702,2,H
702,3,H
702,4,H
702,5,H
702,6,O_1
702,7,O_1
702,8,O_1
702,9,O_1
702,10,O_1
702,11,O_2
702,12,O_2
702,13,O_2
702,14,O_2
702,15,O_2
702,16,O_2
702,17,O_2
702,18,F
703,0,H
703,1,H
703,2,H
703,3,H
703,4,H
703,5,H
703,6,H
703,7,H
703,8,H
703,9,H
703,10,H
703,11,H
703,12,H
703,13,H
703,14,H
703,15,H
703,16,H
703,17,H
703,18,H
703,19,H
703,20,H
703,21,H
703,22,H
703,23,H
703,24,H
703,25,H
703,26,H
703,27,H
703,28,H
703,29,H
703,30,H
703,31,H
703,32,H
703,33,H
703,34,H
703,35,O_1
703,36,O_1
703,37,O_1
703,38,O_1
703,39,O_2
703,40,O_2
703,41,O_2
703,42,O_2
703,43,O_2
703,44,O_2
703,45,O_2
703,46,O_2
703,47,O_2
703,48,O_2
703,49,O_2
703,50,F
704,0,H
704,1,H
704,2,H
704,3,O_1
704,4,O_1
704,5,O_1
704,6,O_1
704,7,O_1
704,8,O_1
704,9,O_1
704,10,O_1
704,11,O_2
704,12,O_2
704,13,O_2
704,14,O_2
704,15,O_2
704,16,O_2
704,17,O_2
704,18,O_2
704,19,O_2
704,20,O_2
704,21,O_2
704,22,O_2
704,23,O_2
704,24,O_2
704,25,O_2
704,26,O_2
704,27,F
705,0,H
705,1,H
705,2,H
705,3,H
705,4,O_1
705,5,O_1
705,6,O_1
705,7,O_1
705,8,O_1
705,9,O_1
705,10,O_2
705,11,O_2
705,12,O_2
705,13,O_2
705,14,O_2
705,15,O_2
705,16,O_2
705,17,O_2
705,18,O_2
705,19,O_2
705,20,O_2
705,21,O_2
705,22,O_2
705,23,O_2
705,24,O_2
705,25,O_2
705,26,O_2
705,27,O_2
705,28,O_2
705,29,O_2
705,30,O_2
705,31,O_2
705,32,O_2
705,33,F
706,0,H
706,1,O_1
706,2,O_1
706,3,O_2
706,4,O_2
706,5,O_2
706,6,O_2
706,7,O_2
706,8,O_2
706,9,O_2
706,10,O_2
706,11,O_2
706,12,O_2
706,13,O_2
706,14,O_2
706,15,O_2
706,16,O_2
706,17,O_2
706,18,F
707,0,H
707,1,H
707,2,H
707,3,H
707,4,H
707,5,H
707,6,H
707,7,H
707,8,H
707,9,O_1
707,10,O_2
707,11,O_2
707,12,O_2
707,13,O_2
707,14,O_2
707,15,O_2
707,16,O_2
707,17,O_2
707,18,F
708,0,H
708,1,H
708,2,H
708,3,I_1
708,4,I_1
708,5,I_2
708,6,F
709,0,H
709,1,H
709,2,H
709,3,H
709,4,H
709,5,H
709,6,H
709,7,H
709,8,H
709,9,H
709,10,H
709,11,H
709,12,H
709,13,H
709,14,H
709,15,H
709,16,H
709,17,H
709,18,H
709,19,I_1
709,20,I_1
709,21,I_1
709,22,I_2
709,23,I_2
709,24,I_2
709,25,I_2
709,26,I_2
709,27,I_2
709,28,I_2
709,29,F
710,0,H
710,1,H
710,2,H
710,3,H
710,4,H
710,5,H
710,6,H
710,7,H
710,8,H
710,9,H
710,10,I_1
710,11,I_1
710,12,I_1
710,13,I_1
710,14,I_2
710,15,I_2
710,16,I_2
710,17,I_2
710,18,I_2
710,19,I_2
710,20,F
711,0,H
711,1,H
711,2,O_1
711,3,O_1
711,4,O_1
711,5,O_1
711,6,O_1
711,7,O_1
711,8,O_1
711,9,O_1
711,10,O_1
711,11,O_1
711,12,O_1
711,13,O_1
711,14,O_2
711,15,O_2
711,16,O_2
711,17,O_2
711,18,O_2
711,19,O_2
711,20,O_2
711,21,O_2
711,22,O_2
711,23,O_2
711,24,O_2
711,25,O_2
711,26,O_2
711,27,O_2
711,28,O_2
711,29,O_2
711,30,O_2
711,31,F
712,0,H
712,1,B_1
712,2,B_2
712,3,F
713,0,H
713,1,H
713,2,H
713,3,I_1
713,4,I_1
713,5,I_1
713,6,I_2
713,7,I_2
713,8,I_2
713,9,F
714,0,H
714,1,H
714,2,H
714,3,H
714,4,H
714,5,H
714,6,H
714,7,H
714,8,H
714,9,H
714,10,H
714,11,H
714,12,H
714,13,H
714,14,H
714,15,H
714,16,H
714,17,H
714,18,H
714,19,H
714,20,H
714,21,H
714,22,H
714,23,H
714,24,H
714,25,H
714,26,H
714,27,H
714,28,H
714,29,H
714,30,H
714,31,H
714,32,O_1
714,33,O_1
714,34,O_2
714,35,O_2
714,36,O_2
714,37,O_2
714,38,F
715,0,H
715,1,H
715,2,H
715,3,H
715,4,H
715,5,H
715,6,H
715,7,H
715,8,H
715,9,H
715,10,O_1
715,11,O_1
715,12,O_1
715,13,O_1
715,14,O_1
715,15,O_1
715,16,O_1
715,17,O_1
715,18,O_1
715,19,O_1
715,20,O_1
715,21,O_1
715,22,O_1
715,23,O_1
715,24,O_1
715,25,O_1
715,26,O_2
715,27,O_2
715,28,O_2
715,29,O_2
715,30,O_2
715,31,O_2
715,32,O_2
715,33,F
716,0,H
716,1,H
716,2,H
716,3,H
716,4,H
716,5,H
716,6,H
716,7,H
716,8,I_1
716,9,I_1
716,10,I_1
716,11,I_1
716,12,I_2
716,13,I_2
716,14,I_2
716,15,F
717,0,H
717,1,H
717,2,H
717,3,H
717,4,H
717,5,H
717,6,H
717,7,H
717,8,H
717,9,H
717,10,I_1
717,11,I_1
717,12,I_2
717,13,I_2
717,14,I_2
717,15,I_2
717,16,I_2
717,17,I_2
717,18,I_2
717,19,F
718,0,H
718,1,H
718,2,H
718,3,H
718,4,H
718,5,H
718,6,H
718,7,H
718,8,H
718,9,O_1
718,10,O_2
718,11,F
719,0,H
719,1,H
719,2,H
719,3,O_1
719,4,O_2
719,5,O_2
719,6,O_2
719,7,O_2
719,8,O_2
719,9,O_2
719,10,O_2
719,11,O_2
719,12,O_2
719,13,O_2
719,14,F
720,0,H
720,1,H
720,2,H
720,3,H
720,4,H
720,5,H
720,6,O_1
720,7,O_1
720,8,O_1
720,9,O_1
720,10,O_1
720,11,O_1
720,12,O_1
720,13,O_1
720,14,O_1
720,15,O_1
720,16,O_1
720,17,O_1
720,18,O_1
720,19,O_2
720,20,O_2
720,21,O_2
720,22,O_2
720,23,O_2
720,24,F
721,0,H
721,1,H
721,2,H
721,3,H
721,4,H
721,5,H
721,6,H
721,7,H
721,8,H
721,9,H
721,10,H
721,11,H
721,12,H
721,13,H
721,14,H
721,15,H
721,16,O_1
721,17,O_1
721,18,O_1
721,19,O_1
721,20,O_1
721,21,O_1
721,22,O_1
721,23,O_2
721,24,O_2
721,25,O_2
721,26,O_2
721,27,O_2
721,28,O_2
721,29,O_2
721,30,O_2
721,31,O_2
721,32,O_2
721,33,F
722,0,H
722,1,H
722,2,H
722,3,H
722,4,H
722,5,H
722,6,H
722,7,O_1
722,8,O_1
722,9,O_1
722,10,O_1
722,11,O_2
722,12,O_2
722,13,O_2
722,14,O_2
722,15,O_2
722,16,F
723,0,H
723,1,H
723,2,H
723,3,I_1
723,4,I_2
723,5,I_2
723,6,I_2
723,7,F
724,0,H
724,1,H
724,2,B_1
724,3,B_1
724,4,B_2
724,5,F
725,0,H
725,1,H
725,2,H
725,3,H
725,4,H
725,5,H
725,6,H
725,7,I_1
725,8,I_1
725,9,I_1
725,10,I_2
725,11,I_2
725,12,F
726,0,H
726,1,H
726,2,H
726,3,H
726,4,H
726,5,H
726,6,H
726,7,H
726,8,H
726,9,H
726,10,H
726,11,H
726,12,H
726,13,H
726,14,H
726,15,H
726,16,H
726,17,H
726,18,I_1
726,19,I_1
726,20,I_1
726,21,I_1
726,22,I_1
726,23,I_1
726,24,I_2
726,25,I_2
726,26,I_2
726,27,F
727,0,H
727,1,H
727,2,H
727,3,H
727,4,H
727,5,H
727,6,H
727,7,H
727,8,H
727,9,H
727,10,H
727,11,H
727,12,H
727,13,H
727,14,H
727,15,H
727,16,H
727,17,H
727,18,H
727,19,H
727,20,H
727,21,B_1
727,22,B_1
727,23,B_1
727,24,B_1
727,25,B_2
727,26,F
728,0,H
728,1,H
728,2,H
728,3,H
728,4,O_1
728,5,O_1
728,6,O_1
728,7,O_1
728,8,O_1
728,9,O_1
728,10,O_2
728,11,O_2
728,12,O_2
728,13,O_2
728,14,O_2
728,15,O_2
728,16,O_2
728,17,O_2
728,18,O_2
728,19,O_2
728,20,O_2
728,21,O_2
728,22,O_2
728,23,O_2
728,24,O_2
728,25,O_2
728,26,O_2
728,27,O_2
728,28,O_2
728,29,O_2
728,30,O_2
728,31,O_2
728,32,O_2
728,33,O_2
728,34,O_2
728,35,O_2
728,36,O_2
728,37,F
729,0,H
729,1,H
729,2,H
729,3,H
729,4,H
729,5,H
729,6,H
729,7,H
729,8,H
729,9,H
729,10,H
729,11,O_1
729,12,O_1
729,13,O_1
729,14,O_1
729,15,O_1
729,16,O_1
729,17,O_1
729,18,O_1
729,19,O_1
729,20,O_1
729,21,O_1
729,22,O_1
729,23,O_1
729,24,O_1
729,25,O_1
729,26,O_1
729,27,O_1
729,28,O_1
729,29,O_1
729,30,O_1
729,31,O_1
729,32,O_1
729,33,O_1
729,34,O_1
729,35,O_1
729,36,O_1
729,37,O_1
729,38,O_2
729,39,O_2
729,40,O_2
729,41,O_2
729,42,O_2
729,43,O_2
729,44,O_2
729,45,O_2
729,46,O_2
729,47,O_2
729,48,O_2
729,49,O_2
729,50,O_2
729,51,O_2
729,52,O_2
729,53,O_2
729,54,O_2
729,55,O_2
729,56,O_2
729,57,O_2
729,58,O_2
729,59,O_2
729,60,O_2
729,61,O_2
729,62,O_2
729,63,O_2
729,64,O_2
729,65,O_2
729,66,O_2
729,67,O_2
729,68,O_2
729,69,O_2
729,70,O_2
729,71,O_2
729,72,O_2
729,73,O_2
729,74,O_2
729,75,O_2
729,76,O_2
729,77,F
730,0,H
730,1,H
730,2,H
730,3,O_1
730,4,O_1
730,5,O_1
730,6,O_2
730,7,O_2
730,8,O_2
730,9,O_2
730,10,O_2
730,11,O_2
730,12,O_2
730,13,O_2
730,14,O_2
730,15,O_2
730,16,O_2
730,17,O_2
730,18,F
731,0,H
731,1,H
731,2,H
731,3,H
731,4,H
731,5,H
731,6,H
731,7,H
731,8,H
731,9,H
731,10,H
731,11,H
731,12,H
731,13,H
731,14,H
731,15,H
731,16,H
731,17,H
731,18,H
731,19,H
731,20,H
731,21,H
731,22,H
731,23,H
731,24,H
731,25,H
731,26,H
731,27,H
731,28,H
731,29,I_1
731,30,I_1
731,31,I_1
731,32,I_2
731,33,F
732,0,H
732,1,H
732,2,H
732,3,O_1
732,4,O_1
732,5,O_1
732,6,O_1
732,7,O_1
732,8,O_1
732,9,O_1
732,10,O_1
732,11,O_1
732,12,O_1
732,13,O_1
732,14,O_1
732,15,O_1
732,16,O_2
732,17,F
733,0,H
733,1,O_1
733,2,O_2
733,3,O_2
733,4,O_2
733,5,O_2
733,6,O_2
733,7,O_2
733,8,O_2
733,9,O_2
733,10,O_2
733,11,O_2
733,12,O_2
733,13,O_2
733,14,O_2
733,15,O_2
733,16,O_2
733,17,O_2
733,18,O_2
733,19,O_2
733,20,O_2
733,21,O_2
733,22,O_2
733,23,F
734,0,H
734,1,H
734,2,H
734,3,H
734,4,H
734,5,H
734,6,O_1
734,7,O_1
734,8,O_1
734,9,O_1
734,10,O_2
734,11,O_2
734,12,F
735,0,H
735,1,H
735,2,H
735,3,H
735,4,H
735,5,H
735,6,H
735,7,O_1
735,8,O_1
735,9,O_1
735,10,O_2
735,11,O_2
735,12,O_2
735,13,O_2
735,14,O_2
735,15,O_2
735,16,O_2
735,17,O_2
735,18,F
736,0,H
736,1,H
736,2,O_1
736,3,O_2
736,4,F
737,0,H
737,1,H
737,2,H
737,3,H
737,4,H
737,5,H
737,6,H
737,7,O_1
737,8,O_1
737,9,O_1
737,10,O_1
737,11,O_1
737,12,O_1
737,13,O_1
737,14,O_1
737,15,O_2
737,16,O_2
737,17,O_2
737,18,O_2
737,19,F
738,0,H
738,1,H
738,2,H
738,3,O_1
738,4,O_1
738,5,O_2
738,6,F
739,0,H
739,1,H
739,2,H
739,3,H
739,4,O_1
739,5,O_2
739,6,O_2
739,7,O_2
739,8,O_2
739,9,O_2
739,10,O_2
739,11,O_2
739,12,O_2
739,13,O_2
739,14,O_2
739,15,O_2
739,16,F
740,0,H
740,1,H
740,2,H
740,3,H
740,4,H
740,5,H
740,6,O_1
740,7,O_1
740,8,O_2
740,9,O_2
740,10,O_2
740,11,O_2
740,12,O_2
740,13,O_2
740,14,F
741,0,H
741,1,H
741,2,H
741,3,H
741,4,I_1
741,5,I_1
741,6,I_2
741,7,I_2
741,8,F
742,0,H
742,1,H
742,2,H
742,3,H
742,4,H
742,5,H
742,6,H
742,7,H
742,8,H
742,9,H
742,10,H
742,11,H
742,12,H
742,13,H
742,14,H
742,15,H
742,16,H
742,17,H
742,18,H
742,19,H
742,20,H
742,21,H
742,22,H
742,23,H
742,24,H
742,25,H
742,26,O_1
742,27,O_1
742,28,O_1
742,29,O_1
742,30,O_1
742,31,O_1
742,32,O_1
742,33,O_2
742,34,O_2
742,35,F
743,0,H
743,1,H
743,2,H
743,3,H
743,4,H
743,5,H
743,6,H
743,7,H
743,8,H
743,9,H
743,10,H
743,11,H
743,12,H
743,13,O_1
743,14,O_1
743,15,O_1
743,16,O_1
743,17,O_2
743,18,O_2
743,19,O_2
743,20,F
744,0,H
744,1,H
744,2,H
744,3,H
744,4,H
744,5,B_1
744,6,B_2
744,7,B_2
744,8,B_2
744,9,F
745,0,H
745,1,H
745,2,H
745,3,H
745,4,H
745,5,H
745,6,H
745,7,H
745,8,H
745,9,H
745,10,H
745,11,H
745,12,H
745,13,I_1
745,14,I_1
745,15,I_2
745,16,I_2
745,17,I_2
745,18,I_2
745,19,I_2
745,20,I_2
745,21,I_2
745,22,I_2
745,23,I_2
745,24,I_2
745,25,I_2
745,26,I_2
745,27,I_2
745,28,I_2
745,29,I_2
745,30,I_2
745,31,F
746,0,H
746,1,H
746,2,H
746,3,H
746,4,H
746,5,H
746,6,H
746,7,I_1
746,8,I_1
746,9,I_1
746,10,I_1
746,11,I_2
746,12,I_2
746,13,I_2
746,14,I_2
746,15,I_2
746,16,I_2
746,17,I_2
746,18,I_2
746,19,F
747,0,H
747,1,H
747,2,H
747,3,H
747,4,H
747,5,H
747,6,H
747,7,I_1
747,8,I_2
747,9,I_2
747,10,F
748,0,H
748,1,H
748,2,H
748,3,H
748,4,H
748,5,H
748,6,H
748,7,H
748,8,H
748,9,H
748,10,H
748,11,H
748,12,H
748,13,H
748,14,H
748,15,H
748,16,H
748,17,H
748,18,I_1
748,19,I_1
748,20,I_1
748,21,I_1
748,22,I_2
748,23,F
749,0,H
749,1,H
749,2,H
749,3,H
749,4,H
749,5,B_1
749,6,B_1
749,7,B_2
749,8,F
750,0,H
750,1,H
750,2,H
750,3,H
750,4,H
750,5,H
750,6,H
750,7,I_1
750,8,I_1
750,9,I_1
750,10,I_2
750,11,I_2
750,12,F
751,0,H
751,1,H
751,2,H
751,3,O_1
751,4,O_1
751,5,O_1
751,6,O_1
751,7,O_1
751,8,O_1
751,9,O_1
751,10,O_1
751,11,O_1
751,12,O_1
751,13,O_1
751,14,O_1
751,15,O_1
751,16,O_1
751,17,O_1
751,18,O_1
751,19,O_1
751,20,O_2
751,21,O_2
751,22,O_2
751,23,O_2
751,24,O_2
751,25,O_2
751,26,O_2
751,27,O_2
751,28,O_2
751,29,O_2
751,30,O_2
751,31,O_2
751,32,O_2
751,33,O_2
751,34,O_2
751,35,O_2
751,36,O_2
751,37,O_2
751,38,O_2
751,39,O_2
751,40,O_2
751,41,O_2
751,42,O_2
751,43,F
752,0,H
752,1,H
752,2,H
752,3,H
752,4,H
752,5,H
752,6,H
752,7,O_1
752,8,O_1
752,9,O_1
752,10,O_1
752,11,O_2
752,12,O_2
752,13,O_2
752,14,O_2
752,15,O_2
752,16,O_2
752,17,O_2
752,18,O_2
752,19,O_2
752,20,O_2
752,21,O_2
752,22,O_2
752,23,O_2
752,24,O_2
752,25,O_2
752,26,O_2
752,27,O_2
752,28,O_2
752,29,O_2
752,30,O_2
752,31,O_2
752,32,O_2
752,33,F
753,0,H
753,1,H
753,2,H
753,3,H
753,4,O_1
753,5,O_1
753,6,O_1
753,7,O_1
753,8,O_1
753,9,O_1
753,10,O_1
753,11,O_1
753,12,O_1
753,13,O_1
753,14,O_1
753,15,O_1
753,16,O_1
753,17,O_1
753,18,O_1
753,19,O_1
753,20,O_1
753,21,O_1
753,22,O_2
753,23,O_2
753,24,F
754,0,H
754,1,H
754,2,H
754,3,H
754,4,H
754,5,H
754,6,O_1
754,7,O_2
754,8,O_2
754,9,F
755,0,H
755,1,H
755,2,H
755,3,H
755,4,H
755,5,H
755,6,H
755,7,H
755,8,I_1
755,9,I_1
755,10,I_1
755,11,I_1
755,12,I_1
755,13,I_1
755,14,I_1
755,15,I_1
755,16,I_1
755,17,I_2
755,18,I_2
755,19,I_2
755,20,I_2
755,21,F
756,0,H
756,1,H
756,2,H
756,3,O_1
756,4,O_1
756,5,O_1
756,6,O_1
756,7,O_1
756,8,O_1
756,9,O_1
756,10,O_1
756,11,O_1
756,12,O_1
756,13,O_1
756,14,O_1
756,15,O_1
756,16,O_2
756,17,O_2
756,18,O_2
756,19,O_2
756,20,O_2
756,21,O_2
756,22,O_2
756,23,O_2
756,24,O_2
756,25,O_2
756,26,O_2
756,27,O_2
756,28,O_2
756,29,O_2
756,30,O_2
756,31,O_2
756,32,F
757,0,H
757,1,H
757,2,H
757,3,I_1
757,4,I_1
757,5,I_1
757,6,I_1
757,7,I_1
757,8,I_1
757,9,I_1
757,10,I_1
757,11,I_1
757,12,I_1
757,13,I_1
757,14,I_1
757,15,I_1
757,16,I_1
757,17,I_1
757,18,I_1
757,19,I_1
757,20,I_1
757,21,I_1
757,22,I_2
757,23,F
758,0,H
758,1,H
758,2,O_1
758,3,O_1
758,4,O_1
758,5,O_1
758,6,O_1
758,7,O_1
758,8,O_2
758,9,O_2
758,10,O_2
758,11,O_2
758,12,O_2
758,13,O_2
758,14,F
759,0,H
759,1,O_1
759,2,O_1
759,3,O_1
759,4,O_1
759,5,O_1
759,6,O_1
759,7,O_1
759,8,O_1
759,9,O_2
759,10,O_2
759,11,O_2
759,12,O_2
759,13,O_2
759,14,O_2
759,15,O_2
759,16,O_2
759,17,O_2
759,18,O_2
759,19,O_2
759,20,O_2
759,21,O_2
759,22,O_2
759,23,O_2
759,24,O_2
759,25,O_2
759,26,O_2
759,27,O_2
759,28,O_2
759,29,O_2
759,30,O_2
759,31,F
760,0,H
760,1,B_1
760,2,B_2
760,3,B_2
760,4,F
761,0,H
761,1,H
761,2,H
761,3,H
761,4,H
761,5,H
761,6,H
761,7,O_1
761,8,O_1
761,9,O_1
761,10,O_1
761,11,O_1
761,12,O_1
761,13,O_1
761,14,O_1
761,15,O_1
761,16,O_1
761,17,O_1
761,18,O_1
761,19,O_1
761,20,O_1
761,21,O_1
761,22,O_1
761,23,O_1
761,24,O_1
761,25,O_1
761,26,O_1
761,27,O_1
761,28,O_1
761,29,O_1
761,30,O_2
761,31,O_2
761,32,O_2
761,33,O_2
761,34,O_2
761,35,O_2
761,36,O_2
761,37,O_2
761,38,O_2
761,39,O_2
761,40,O_2
761,41,O_2
761,42,O_2
761,43,O_2
761,44,O_2
761,45,O_2
761,46,O_2
761,47,O_2
761,48,O_2
761,49,O_2
761,50,F
762,0,H
762,1,H
762,2,H
762,3,H
762,4,O_1
762,5,O_1
762,6,O_2
762,7,O_2
762,8,O_2
762,9,O_2
762,10,O_2
762,11,O_2
762,12,O_2
762,13,O_2
762,14,O_2
762,15,O_2
762,16,O_2
762,17,O_2
762,18,O_2
762,19,O_2
762,20,O_2
762,21,O_2
762,22,O_2
762,23,O_2
762,24,O_2
762,25,O_2
762,26,O_2
762,27,O_2
762,28,O_2
762,29,O_2
762,30,O_2
762,31,O_2
762,32,O_2
762,33,O_2
762,34,O_2
762,35,O_2
762,36,O_2
762,37,O_2
762,38,O_2
762,39,O_2
762,40,O_2
762,41,O_2
762,42,F
763,0,H
763,1,H
763,2,H
763,3,O_1
763,4,O_1
763,5,O_1
763,6,O_1
763,7,O_2
763,8,O_2
763,9,O_2
763,10,O_2
763,11,O_2
763,12,O_2
763,13,O_2
763,14,O_2
763,15,O_2
763,16,F
764,0,H
764,1,H
764,2,H
764,3,H
764,4,H
764,5,H
764,6,H
764,7,O_1
764,8,O_1
764,9,O_1
764,10,O_1
764,11,O_1
764,12,O_1
764,13,O_1
764,14,O_1
764,15,O_1
764,16,O_1
764,17,O_1
764,18,O_1
764,19,O_1
764,20,O_2
764,21,O_2
764,22,O_2
764,23,O_2
764,24,O_2
764,25,O_2
764,26,F
765,0,H
765,1,H
765,2,H
765,3,H
765,4,H
765,5,H
765,6,H
765,7,H
765,8,H
765,9,H
765,10,H
765,11,H
765,12,O_1
765,13,O_1
765,14,O_1
765,15,O_1
765,16,O_1
765,17,O_1
765,18,O_1
765,19,O_1
765,20,O_1
765,21,O_1
765,22,O_1
765,23,O_1
765,24,O_1
765,25,O_2
765,26,O_2
765,27,O_2
765,28,O_2
765,29,O_2
765,30,O_2
765,31,O_2
765,32,O_2
765,33,O_2
765,34,F
766,0,H
766,1,H
766,2,H
766,3,H
766,4,H
766,5,O_1
766,6,O_1
766,7,O_1
766,8,O_1
766,9,O_2
766,10,O_2
766,11,O_2
766,12,O_2
766,13,O_2
766,14,O_2
766,15,O_2
766,16,O_2
766,17,O_2
766,18,O_2
766,19,O_2
766,20,F
767,0,H
767,1,H
767,2,H
767,3,H
767,4,H
767,5,H
767,6,O_1
767,7,O_1
767,8,O_1
767,9,O_1
767,10,O_1
767,11,O_1
767,12,O_1
767,13,O_1
767,14,O_1
767,15,O_2
767,16,O_2
767,17,O_2
767,18,O_2
767,19,O_2
767,20,F
768,0,H
768,1,H
768,2,H
768,3,H
768,4,H
768,5,H
768,6,H
768,7,H
768,8,H
768,9,H
768,10,H
768,11,H
768,12,H
768,13,H
768,14,H
768,15,H
768,16,H
768,17,H
768,18,O_1
768,19,O_1
768,20,O_1
768,21,O_1
768,22,O_1
768,23,O_1
768,24,O_1
768,25,O_1
768,26,O_1
768,27,O_1
768,28,O_1
768,29,O_2
768,30,O_2
768,31,O_2
768,32,F
769,0,H
769,1,H
769,2,H
769,3,H
769,4,H
769,5,O_1
769,6,O_2
769,7,O_2
769,8,O_2
769,9,O_2
769,10,O_2
769,11,O_2
769,12,O_2
769,13,F
770,0,H
770,1,H
770,2,H
770,3,H
770,4,H
770,5,H
770,6,H
770,7,H
770,8,H
770,9,O_1
770,10,O_1
770,11,O_1
770,12,O_1
770,13,O_2
770,14,F
771,0,H
771,1,H
771,2,H
771,3,H
771,4,H
771,5,H
771,6,H
771,7,H
771,8,H
771,9,H
771,10,H
771,11,H
771,12,H
771,13,H
771,14,H
771,15,I_1
771,16,I_2
771,17,I_2
771,18,I_2
771,19,I_2
771,20,I_2
771,21,F
772,0,H
772,1,H
772,2,H
772,3,O_1
772,4,O_1
772,5,O_1
772,6,O_1
772,7,O_1
772,8,O_1
772,9,O_1
772,10,O_1
772,11,O_1
772,12,O_1
772,13,O_1
772,14,O_1
772,15,O_1
772,16,O_1
772,17,O_1
772,18,O_1
772,19,O_1
772,20,O_1
772,21,O_1
772,22,O_1
772,23,O_1
772,24,O_2
772,25,O_2
772,26,O_2
772,27,O_2
772,28,F
773,0,H
773,1,H
773,2,H
773,3,H
773,4,H
773,5,O_1
773,6,O_1
773,7,O_1
773,8,O_1
773,9,O_1
773,10,O_1
773,11,O_1
773,12,O_1
773,13,O_1
773,14,O_1
773,15,O_1
773,16,O_1
773,17,O_1
773,18,O_1
773,19,O_2
773,20,O_2
773,21,O_2
773,22,O_2
773,23,F
774,0,H
774,1,I_1
774,2,I_1
774,3,I_1
774,4,I_1
774,5,I_1
774,6,I_1
774,7,I_1
774,8,I_1
774,9,I_1
774,10,I_1
774,11,I_1
774,12,I_1
774,13,I_1
774,14,I_2
774,15,I_2
774,16,I_2
774,17,F
775,0,H
775,1,H
775,2,H
775,3,H
775,4,H
775,5,H
775,6,H
775,7,H
775,8,H
775,9,H
775,10,H
775,11,H
775,12,H
775,13,H
775,14,H
775,15,H
775,16,H
775,17,H
775,18,H
775,19,H
775,20,H
775,21,H
775,22,H
775,23,H
775,24,H
775,25,H
775,26,H
775,27,H
775,28,H
775,29,H
775,30,H
775,31,H
775,32,H
775,33,H
775,34,B_1
775,35,B_1
775,36,B_1
775,37,B_2
775,38,B_2
775,39,B_2
775,40,F
776,0,H
776,1,H
776,2,H
776,3,H
776,4,H
776,5,H
776,6,H
776,7,H
776,8,H
776,9,O_1
776,10,O_2
776,11,O_2
776,12,O_2
776,13,O_2
776,14,O_2
776,15,O_2
776,16,O_2
776,17,F
777,0,H
777,1,H
777,2,H
777,3,H
777,4,H
777,5,H
777,6,H
777,7,H
777,8,H
777,9,H
777,10,H
777,11,H
777,12,H
777,13,H
777,14,H
777,15,H
777,16,H
777,17,H
777,18,H
777,19,H
777,20,H
777,21,H
777,22,H
777,23,H
777,24,H
777,25,O_1
777,26,O_2
777,27,O_2
777,28,O_2
777,29,O_2
777,30,O_2
777,31,O_2
777,32,O_2
777,33,O_2
777,34,O_2
777,35,O_2
777,36,F
778,0,H
778,1,H
778,2,H
778,3,H
778,4,H
778,5,H
778,6,H
778,7,H
778,8,H
778,9,H
778,10,H
778,11,H
778,12,H
778,13,H
778,14,H
778,15,H
778,16,O_1
778,17,O_1
778,18,O_1
778,19,O_1
778,20,O_1
778,21,O_1
778,22,O_1
778,23,O_1
778,24,O_1
778,25,O_1
778,26,O_1
778,27,O_1
778,28,O_1
778,29,O_1
778,30,O_2
778,31,O_2
778,32,O_2
778,33,O_2
778,34,O_2
778,35,O_2
778,36,O_2
778,37,O_2
778,38,O_2
778,39,O_2
778,40,O_2
778,41,O_2
778,42,O_2
778,43,O_2
778,44,F
779,0,H
779,1,H
779,2,H
779,3,H
779,4,H
779,5,H
779,6,H
779,7,O_1
779,8,O_1
779,9,O_1
779,10,O_1
779,11,O_1
779,12,O_1
779,13,O_1
779,14,O_1
779,15,O_1
779,16,O_1
779,17,O_2
779,18,F
780,0,H
780,1,H
780,2,H
780,3,H
780,4,H
780,5,H
780,6,H
780,7,I_1
780,8,I_1
780,9,I_2
780,10,I_2
780,11,I_2
780,12,I_2
780,13,I_2
780,14,I_2
780,15,I_2
780,16,I_2
780,17,I_2
780,18,I_2
780,19,F
781,0,H
781,1,H
781,2,H
781,3,H
781,4,H
781,5,H
781,6,H
781,7,H
781,8,H
781,9,O_1
781,10,O_1
781,11,O_2
781,12,O_2
781,13,O_2
781,14,O_2
781,15,O_2
781,16,O_2
781,17,O_2
781,18,O_2
781,19,O_2
781,20,F
782,0,H
782,1,H
782,2,H
782,3,H
782,4,H
782,5,H
782,6,H
782,7,H
782,8,H
782,9,H
782,10,H
782,11,H
782,12,H
782,13,I_1
782,14,I_1
782,15,I_2
782,16,I_2
782,17,I_2
782,18,I_2
782,19,I_2
782,20,I_2
782,21,I_2
782,22,F
783,0,H
783,1,H
783,2,H
783,3,H
783,4,H
783,5,I_1
783,6,I_1
783,7,I_1
783,8,I_1
783,9,I_2
783,10,I_2
783,11,I_2
783,12,I_2
783,13,I_2
783,14,I_2
783,15,I_2
783,16,F
784,0,H
784,1,H
784,2,H
784,3,H
784,4,H
784,5,H
784,6,H
784,7,H
784,8,H
784,9,H
784,10,H
784,11,H
784,12,H
784,13,H
784,14,H
784,15,H
784,16,H
784,17,B_1
784,18,B_1
784,19,B_1
784,20,B_1
784,21,B_1
784,22,B_1
784,23,B_1
784,24,B_1
784,25,B_1
784,26,B_2
784,27,B_2
784,28,B_2
784,29,F
785,0,H
785,1,H
785,2,H
785,3,H
785,4,H
785,5,H
785,6,H
785,7,H
785,8,H
785,9,H
785,10,H
785,11,H
785,12,O_1
785,13,O_1
785,14,O_1
785,15,O_1
785,16,O_1
785,17,O_1
785,18,O_1
785,19,O_1
785,20,O_1
785,21,O_1
785,22,O_1
785,23,O_1
785,24,O_1
785,25,O_1
785,26,O_1
785,27,O_1
785,28,O_1
785,29,O_1
785,30,O_1
785,31,O_2
785,32,O_2
785,33,O_2
785,34,O_2
785,35,O_2
785,36,O_2
785,37,O_2
785,38,O_2
785,39,O_2
785,40,O_2
785,41,O_2
785,42,O_2
785,43,O_2
785,44,O_2
785,45,O_2
785,46,O_2
785,47,O_2
785,48,O_2
785,49,O_2
785,50,O_2
785,51,O_2
785,52,O_2
785,53,O_2
785,54,O_2
785,55,O_2
785,56,O_2
785,57,O_2
785,58,O_2
785,59,O_2
785,60,O_2
785,61,F
786,0,H
786,1,H
786,2,H
786,3,I_1
786,4,I_1
786,5,I_2
786,6,I_2
786,7,I_2
786,8,I_2
786,9,I_2
786,10,I_2
786,11,I_2
786,12,I_2
786,13,F
787,0,H
787,1,H
787,2,H
787,3,H
787,4,I_1
787,5,I_1
787,6,I_1
787,7,I_1
787,8,I_1
787,9,I_1
787,10,I_1
787,11,I_1
787,12,I_2
787,13,F
788,0,H
788,1,H
788,2,H
788,3,H
788,4,H
788,5,H
788,6,H
788,7,H
788,8,H
788,9,H
788,10,H
788,11,H
788,12,H
788,13,H
788,14,H
788,15,H
788,16,H
788,17,H
788,18,O_1
788,19,O_1
788,20,O_2
788,21,O_2
788,22,O_2
788,23,O_2
788,24,O_2
788,25,O_2
788,26,F
789,0,H
789,1,H
789,2,O_1
789,3,O_1
789,4,O_1
789,5,O_1
789,6,O_1
789,7,O_1
789,8,O_1
789,9,O_1
789,10,O_2
789,11,O_2
789,12,O_2
789,13,O_2
789,14,O_2
789,15,O_2
789,16,O_2
789,17,F
790,0,H
790,1,H
790,2,H
790,3,H
790,4,H
790,5,H
790,6,H
790,7,H
790,8,H
790,9,H
790,10,H
790,11,H
790,12,H
790,13,H
790,14,H
790,15,H
790,16,H
790,17,H
790,18,H
790,19,H
790,20,H
790,21,H
790,22,H
790,23,H
790,24,I_1
790,25,I_1
790,26,I_1
790,27,I_1
790,28,I_1
790,29,I_2
790,30,F
791,0,H
791,1,H
791,2,H
791,3,H
791,4,H
791,5,O_1
791,6,O_2
791,7,O_2
791,8,O_2
791,9,O_2
791,10,F
792,0,H
792,1,H
792,2,H
792,3,H
792,4,H
792,5,H
792,6,H
792,7,H
792,8,H
792,9,H
792,10,H
792,11,H
792,12,H
792,13,H
792,14,H
792,15,H
792,16,H
792,17,H
792,18,H
792,19,H
792,20,H
792,21,I_1
792,22,I_1
792,23,I_1
792,24,I_1
792,25,I_1
792,26,I_1
792,27,I_1
792,28,I_2
792,29,I_2
792,30,I_2
792,31,I_2
792,32,I_2
792,33,I_2
792,34,I_2
792,35,I_2
792,36,I_2
792,37,I_2
792,38,I_2
792,39,I_2
792,40,I_2
792,41,I_2
792,42,I_2
792,43,I_2
792,44,I_2
792,45,I_2
792,46,I_2
792,47,I_2
792,48,I_2
792,49,I_2
792,50,I_2
792,51,I_2
792,52,F
793,0,H
793,1,H
793,2,H
793,3,H
793,4,H
793,5,H
793,6,H
793,7,H
793,8,H
793,9,H
793,10,H
793,11,H
793,12,H
793,13,O_1
793,14,O_2
793,15,O_2
793,16,O_2
793,17,O_2
793,18,O_2
793,19,O_2
793,20,F
794,0,H
794,1,H
794,2,H
794,3,H
794,4,H
794,5,H
794,6,H
794,7,H
794,8,H
794,9,H
794,10,H
794,11,H
794,12,H
794,13,H
794,14,H
794,15,O_1
794,16,O_1
794,17,O_1
794,18,O_1
794,19,O_1
794,20,O_1
794,21,O_1
794,22,O_1
794,23,O_1
794,24,O_1
794,25,O_1
794,26,O_1
794,27,O_1
794,28,O_1
794,29,O_1
794,30,O_1
794,31,O_1
794,32,O_1
794,33,O_1
794,34,O_1
794,35,O_1
794,36,O_1
794,37,O_1
794,38,O_1
794,39,O_1
794,40,O_1
794,41,O_1
794,42,O_1
794,43,O_2
794,44,O_2
794,45,O_2
794,46,O_2
794,47,O_2
794,48,O_2
794,49,O_2
794,50,O_2
794,51,O_2
794,52,O_2
794,53,O_2
794,54,O_2
794,55,O_2
794,56,F
795,0,H
795,1,H
795,2,H
795,3,H
795,4,H
795,5,H
795,6,H
795,7,O_1
795,8,O_1
795,9,O_1
795,10,O_1
795,11,O_2
795,12,O_2
795,13,O_2
795,14,O_2
795,15,F
796,0,H
796,1,H
796,2,H
796,3,H
796,4,H
796,5,H
796,6,H
796,7,H
796,8,H
796,9,H
796,10,H
796,11,H
796,12,H
796,13,O_1
796,14,O_1
796,15,O_1
796,16,O_1
796,17,O_1
796,18,O_1
796,19,O_1
796,20,O_1
796,21,O_1
796,22,O_1
796,23,O_1
796,24,O_1
796,25,O_1
796,26,O_1
796,27,O_1
796,28,O_1
796,29,O_2
796,30,O_2
796,31,O_2
796,32,O_2
796,33,O_2
796,34,O_2
796,35,O_2
796,36,F
797,0,H
797,1,O_1
797,2,O_1
797,3,O_1
797,4,O_1
797,5,O_1
797,6,O_1
797,7,O_1
797,8,O_1
797,9,O_1
797,10,O_1
797,11,O_1
797,12,O_1
797,13,O_1
797,14,O_1
797,15,O_1
797,16,O_1
797,17,O_1
797,18,O_1
797,19,O_1
797,20,O_1
797,21,O_2
797,22,O_2
797,23,O_2
797,24,O_2
797,25,F
798,0,H
798,1,H
798,2,H
798,3,H
798,4,H
798,5,H
798,6,H
798,7,H
798,8,H
798,9,H
798,10,H
798,11,H
798,12,H
798,13,H
798,14,H
798,15,H
798,16,O_1
798,17,O_1
798,18,O_1
798,19,O_1
798,20,O_1
798,21,O_1
798,22,O_1
798,23,O_1
798,24,O_1
798,25,O_1
798,26,O_1
798,27,O_1
798,28,O_1
798,29,O_1
798,30,O_1
798,31,O_1
798,32,O_1
798,33,O_1
798,34,O_1
798,35,O_1
798,36,O_1
798,37,O_1
798,38,O_2
798,39,O_2
798,40,O_2
798,41,F
799,0,H
799,1,H
799,2,H
799,3,H
799,4,H
799,5,H
799,6,H
799,7,H
799,8,H
799,9,H
799,10,H
799,11,H
799,12,H
799,13,H
799,14,H
799,15,H
799,16,H
799,17,H
799,18,H
799,19,H
799,20,H
799,21,H
799,22,H
799,23,H
799,24,H
799,25,H
799,26,O_1
799,27,O_1
799,28,O_1
799,29,O_1
799,30,O_1
799,31,O_1
799,32,O_1
799,33,O_1
799,34,O_1
799,35,O_1
799,36,O_1
799,37,O_1
799,38,O_2
799,39,F
800,0,H
800,1,H
800,2,H
800,3,H
800,4,I_1
800,5,I_1
800,6,I_1
800,7,I_1
800,8,I_2
800,9,F
801,0,H
801,1,H
801,2,H
801,3,H
801,4,H
801,5,H
801,6,H
801,7,H
801,8,H
801,9,H
801,10,H
801,11,H
801,12,H
801,13,H
801,14,H
801,15,H
801,16,H
801,17,H
801,18,H
801,19,H
801,20,H
801,21,H
801,22,O_1
801,23,O_1
801,24,O_1
801,25,O_1
801,26,O_1
801,27,O_1
801,28,O_1
801,29,O_1
801,30,O_1
801,31,O_1
801,32,O_2
801,33,O_2
801,34,F
802,0,H
802,1,H
802,2,H
802,3,H
802,4,H
802,5,O_1
802,6,O_1
802,7,O_1
802,8,O_2
802,9,F
803,0,H
803,1,H
803,2,H
803,3,H
803,4,H
803,5,B_1
803,6,B_1
803,7,B_1
803,8,B_1
803,9,B_1
803,10,B_2
803,11,B_2
803,12,B_2
803,13,F
804,0,H
804,1,H
804,2,H
804,3,H
804,4,H
804,5,H
804,6,H
804,7,O_1
804,8,O_1
804,9,O_1
804,10,O_1
804,11,O_1
804,12,O_1
804,13,O_1
804,14,O_2
804,15,O_2
804,16,O_2
804,17,O_2
804,18,O_2
804,19,O_2
804,20,O_2
804,21,O_2
804,22,O_2
804,23,O_2
804,24,O_2
804,25,O_2
804,26,O_2
804,27,F
805,0,H
805,1,H
805,2,H
805,3,H
805,4,H
805,5,H
805,6,O_1
805,7,O_1
805,8,O_1
805,9,O_1
805,10,O_1
805,11,O_1
805,12,O_2
805,13,O_2
805,14,F
806,0,H
806,1,B_1
806,2,B_2
806,3,F
807,0,H
807,1,H
807,2,H
807,3,H
807,4,H
807,5,H
807,6,H
807,7,H
807,8,H
807,9,H
807,10,H
807,11,H
807,12,H
807,13,H
807,14,H
807,15,I_1
807,16,I_1
807,17,I_1
807,18,I_1
807,19,I_1
807,20,I_1
807,21,I_2
807,22,I_2
807,23,I_2
807,24,I_2
807,25,I_2
807,26,I_2
807,27,F
808,0,H
808,1,H
808,2,H
808,3,H
808,4,I_1
808,5,I_1
808,6,I_1
808,7,I_1
808,8,I_1
808,9,I_1
808,10,I_1
808,11,I_1
808,12,I_1
808,13,I_1
808,14,I_2
808,15,F
809,0,H
809,1,H
809,2,H
809,3,H
809,4,H
809,5,H
809,6,H
809,7,H
809,8,H
809,9,H
809,10,H
809,11,H
809,12,H
809,13,H
809,14,H
809,15,H
809,16,H
809,17,H
809,18,H
809,19,H
809,20,H
809,21,H
809,22,H
809,23,H
809,24,H
809,25,H
809,26,H
809,27,H
809,28,H
809,29,H
809,30,H
809,31,H
809,32,B_1
809,33,B_2
809,34,F
810,0,H
810,1,H
810,2,H
810,3,H
810,4,H
810,5,H
810,6,H
810,7,H
810,8,H
810,9,O_1
810,10,O_1
810,11,O_1
810,12,O_1
810,13,O_1
810,14,O_1
810,15,O_1
810,16,O_1
810,17,O_1
810,18,O_1
810,19,O_1
810,20,O_1
810,21,O_1
810,22,O_1
810,23,O_1
810,24,O_1
810,25,O_1
810,26,O_2
810,27,O_2
810,28,O_2
810,29,O_2
810,30,O_2
810,31,O_2
810,32,F
811,0,H
811,1,H
811,2,H
811,3,H
811,4,H
811,5,I_1
811,6,I_1
811,7,I_1
811,8,I_1
811,9,I_1
811,10,I_1
811,11,I_1
811,12,I_1
811,13,I_1
811,14,I_1
811,15,I_2
811,16,I_2
811,17,I_2
811,18,I_2
811,19,I_2
811,20,I_2
811,21,I_2
811,22,I_2
811,23,I_2
811,24,I_2
811,25,I_2
811,26,I_2
811,27,I_2
811,28,I_2
811,29,F
812,0,H
812,1,H
812,2,H
812,3,H
812,4,H
812,5,H
812,6,H
812,7,O_1
812,8,O_1
812,9,O_1
812,10,O_1
812,11,O_2
812,12,O_2
812,13,O_2
812,14,O_2
812,15,F
813,0,H
813,1,H
813,2,H
813,3,H
813,4,H
813,5,H
813,6,I_1
813,7,I_2
813,8,I_2
813,9,I_2
813,10,I_2
813,11,F
814,0,H
814,1,H
814,2,H
814,3,H
814,4,H
814,5,H
814,6,H
814,7,H
814,8,H
814,9,H
814,10,H
814,11,O_1
814,12,O_1
814,13,O_1
814,14,O_1
814,15,O_1
814,16,O_1
814,17,O_1
814,18,O_1
814,19,O_1
814,20,O_1
814,21,O_1
814,22,O_1
814,23,O_1
814,24,O_1
814,25,O_2
814,26,O_2
814,27,O_2
814,28,O_2
814,29,O_2
814,30,O_2
814,31,O_2
814,32,F
815,0,H
815,1,H
815,2,O_1
815,3,O_1
815,4,O_1
815,5,O_1
815,6,O_1
815,7,O_1
815,8,O_1
815,9,O_1
815,10,O_1
815,11,O_2
815,12,O_2
815,13,F
816,0,H
816,1,H
816,2,H
816,3,H
816,4,H
816,5,H
816,6,H
816,7,H
816,8,H
816,9,H
816,10,H
816,11,H
816,12,H
816,13,B_1
816,14,B_2
816,15,B_2
816,16,B_2
816,17,F
817,0,H
817,1,O_1
817,2,O_1
817,3,O_1
817,4,O_1
817,5,O_1
817,6,O_1
817,7,O_1
817,8,O_1
817,9,O_2
817,10,F
818,0,H
818,1,H
818,2,H
818,3,H
818,4,H
818,5,H
818,6,H
818,7,H
818,8,H
818,9,H
818,10,H
818,11,O_1
818,12,O_1
818,13,O_2
818,14,O_2
818,15,O_2
818,16,O_2
818,17,O_2
818,18,O_2
818,19,O_2
818,20,O_2
818,21,O_2
818,22,O_2
818,23,O_2
818,24,F
819,0,H
819,1,H
819,2,H
819,3,H
819,4,I_1
819,5,I_1
819,6,I_1
819,7,I_1
819,8,I_1
819,9,I_1
819,10,I_1
819,11,I_1
819,12,I_1
819,13,I_1
819,14,I_2
819,15,I_2
819,16,I_2
819,17,F
820,0,H
820,1,H
820,2,H
820,3,H
820,4,H
820,5,H
820,6,H
820,7,H
820,8,H
820,9,H
820,10,H
820,11,H
820,12,H
820,13,H
820,14,H
820,15,H
820,16,H
820,17,B_1
820,18,B_1
820,19,B_1
820,20,B_2
820,21,B_2
820,22,F
821,0,H
821,1,H
821,2,H
821,3,H
821,4,H
821,5,H
821,6,H
821,7,H
821,8,O_1
821,9,O_1
821,10,O_1
821,11,O_1
821,12,O_1
821,13,O_1
821,14,O_1
821,15,O_1
821,16,O_1
821,17,O_1
821,18,O_1
821,19,O_1
821,20,O_2
821,21,F
822,0,H
822,1,O_1
822,2,O_1
822,3,O_1
822,4,O_1
822,5,O_1
822,6,O_1
822,7,O_1
822,8,O_2
822,9,O_2
822,10,F
823,0,H
823,1,H
823,2,H
823,3,H
823,4,H
823,5,H
823,6,H
823,7,I_1
823,8,I_1
823,9,I_1
823,10,I_2
823,11,I_2
823,12,I_2
823,13,I_2
823,14,I_2
823,15,I_2
823,16,I_2
823,17,I_2
823,18,F
824,0,H
824,1,H
824,2,I_1
824,3,I_1
824,4,I_1
824,5,I_2
824,6,I_2
824,7,I_2
824,8,I_2
824,9,I_2
824,10,I_2
824,11,I_2
824,12,I_2
824,13,F
825,0,H
825,1,H
825,2,H
825,3,H
825,4,H
825,5,H
825,6,H
825,7,H
825,8,H
825,9,H
825,10,H
825,11,H
825,12,H
825,13,H
825,14,H
825,15,H
825,16,H
825,17,H
825,18,O_1
825,19,O_1
825,20,O_1
825,21,O_1
825,22,O_1
825,23,O_2
825,24,O_2
825,25,F
826,0,H
826,1,H
826,2,H
826,3,H
826,4,H
826,5,H
826,6,H
826,7,H
826,8,H
826,9,O_1
826,10,O_1
826,11,O_1
826,12,O_1
826,13,O_2
826,14,O_2
826,15,F
827,0,H
827,1,H
827,2,H
827,3,H
827,4,H
827,5,H
827,6,I_1
827,7,I_1
827,8,I_1
827,9,I_1
827,10,I_1
827,11,I_2
827,12,I_2
827,13,I_2
827,14,F
828,0,H
828,1,H
828,2,H
828,3,H
828,4,O_1
828,5,O_1
828,6,O_1
828,7,O_1
828,8,O_1
828,9,O_1
828,10,O_1
828,11,O_1
828,12,O_1
828,13,O_1
828,14,O_1
828,15,O_1
828,16,O_1
828,17,O_1
828,18,O_1
828,19,O_1
828,20,O_2
828,21,O_2
828,22,O_2
828,23,F
829,0,H
829,1,H
829,2,H
829,3,H
829,4,H
829,5,H
829,6,H
829,7,H
829,8,H
829,9,H
829,10,H
829,11,H
829,12,H
829,13,O_1
829,14,O_2
829,15,O_2
829,16,O_2
829,17,O_2
829,18,F
830,0,H
830,1,H
830,2,H
830,3,H
830,4,H
830,5,B_1
830,6,B_2
830,7,B_2
830,8,F
831,0,H
831,1,H
831,2,H
831,3,H
831,4,H
831,5,H
831,6,H
831,7,H
831,8,H
831,9,H
831,10,H
831,11,H
831,12,H
831,13,H
831,14,H
831,15,H
831,16,H
831,17,H
831,18,O_1
831,19,O_1
831,20,O_1
831,21,O_1
831,22,O_1
831,23,O_2
831,24,O_2
831,25,F
832,0,H
832,1,H
832,2,H
832,3,H
832,4,H
832,5,H
832,6,H
832,7,H
832,8,H
832,9,H
832,10,B_1
832,11,B_2
832,12,F
833,0,H
833,1,H
833,2,B_1
833,3,B_2
833,4,B_2
833,5,F
834,0,H
834,1,H
834,2,H
834,3,H
834,4,H
834,5,H
834,6,H
834,7,H
834,8,H
834,9,H
834,10,I_1
834,11,I_1
834,12,I_1
834,13,I_1
834,14,I_1
834,15,I_1
834,16,I_1
834,17,I_1
834,18,I_2
834,19,F
835,0,H
835,1,H
835,2,H
835,3,H
835,4,H
835,5,H
835,6,H
835,7,H
835,8,H
835,9,H
835,10,H
835,11,H
835,12,H
835,13,H
835,14,H
835,15,H
835,16,H
835,17,I_1
835,18,I_1
835,19,I_1
835,20,I_1
835,21,I_2
835,22,I_2
835,23,I_2
835,24,I_2
835,25,I_2
835,26,I_2
835,27,I_2
835,28,I_2
835,29,I_2
835,30,I_2
835,31,I_2
835,32,I_2
835,33,I_2
835,34,I_2
835,35,I_2
835,36,I_2
835,37,F
836,0,H
836,1,H
836,2,H
836,3,H
836,4,H
836,5,H
836,6,H
836,7,B_1
836,8,B_1
836,9,B_2
836,10,B_2
836,11,F
837,0,H
837,1,H
837,2,B_1
837,3,B_1
837,4,B_1
837,5,B_2
837,6,B_2
837,7,F
838,0,H
838,1,H
838,2,H
838,3,H
838,4,H
838,5,H
838,6,H
838,7,H
838,8,H
838,9,H
838,10,H
838,11,O_1
838,12,O_1
838,13,O_1
838,14,O_1
838,15,O_1
838,16,O_1
838,17,O_2
838,18,O_2
838,19,O_2
838,20,O_2
838,21,O_2
838,22,O_2
838,23,O_2
838,24,O_2
838,25,F
839,0,H
839,1,H
839,2,H
839,3,H
839,4,O_1
839,5,O_1
839,6,O_2
839,7,O_2
839,8,O_2
839,9,O_2
839,10,O_2
839,11,O_2
839,12,O_2
839,13,O_2
839,14,O_2
839,15,O_2
839,16,O_2
839,17,O_2
839,18,O_2
839,19,O_2
839,20,F
840,0,H
840,1,H
840,2,O_1
840,3,O_1
840,4,O_1
840,5,O_1
840,6,O_1
840,7,O_1
840,8,O_1
840,9,O_1
840,10,O_1
840,11,O_1
840,12,O_1
840,13,O_1
840,14,O_1
840,15,O_1
840,16,O_1
840,17,O_1
840,18,O_1
840,19,O_1
840,20,O_1
840,21,O_1
840,22,O_1
840,23,O_2
840,24,O_2
840,25,O_2
840,26,O_2
840,27,O_2
840,28,O_2
840,29,O_2
840,30,O_2
840,31,O_2
840,32,O_2
840,33,O_2
840,34,F
841,0,H
841,1,H
841,2,H
841,3,H
841,4,H
841,5,H
841,6,I_1
841,7,I_1
841,8,I_2
841,9,I_2
841,10,F
842,0,H
842,1,H
842,2,B_1
842,3,B_1
842,4,B_1
842,5,B_1
842,6,B_1
842,7,B_1
842,8,B_1
842,9,B_1
842,10,B_1
842,11,B_2
842,12,F
843,0,H
843,1,H
843,2,H
843,3,H
843,4,H
843,5,H
843,6,H
843,7,H
843,8,H
843,9,H
843,10,H
843,11,H
843,12,H
843,13,H
843,14,H
843,15,H
843,16,H
843,17,I_1
843,18,I_1
843,19,I_2
843,20,I_2
843,21,I_2
843,22,F
844,0,H
844,1,H
844,2,H
844,3,H
844,4,H
844,5,H
844,6,H
844,7,H
844,8,H
844,9,H
844,10,H
844,11,H
844,12,H
844,13,H
844,14,H
844,15,O_1
844,16,O_1
844,17,O_1
844,18,O_1
844,19,O_1
844,20,O_1
844,21,O_1
844,22,O_1
844,23,O_1
844,24,O_1
844,25,O_1
844,26,O_1
844,27,O_2
844,28,O_2
844,29,O_2
844,30,F
845,0,H
845,1,I_1
845,2,I_1
845,3,I_1
845,4,I_2
845,5,I_2
845,6,F
846,0,H
846,1,H
846,2,H
846,3,H
846,4,H
846,5,H
846,6,H
846,7,H
846,8,H
846,9,H
846,10,H
846,11,O_1
846,12,O_1
846,13,O_1
846,14,O_1
846,15,O_1
846,16,O_1
846,17,O_1
846,18,O_1
846,19,O_1
846,20,O_1
846,21,O_1
846,22,O_1
846,23,O_1
846,24,O_1
846,25,O_1
846,26,O_1
846,27,O_1
846,28,O_1
846,29,O_1
846,30,O_2
846,31,O_2
846,32,O_2
846,33,O_2
846,34,O_2
846,35,O_2
846,36,O_2
846,37,O_2
846,38,O_2
846,39,O_2
846,40,O_2
846,41,F
847,0,H
847,1,H
847,2,H
847,3,H
847,4,H
847,5,I_1
847,6,I_1
847,7,I_1
847,8,I_1
847,9,I_1
847,10,I_2
847,11,I_2
847,12,I_2
847,13,I_2
847,14,I_2
847,15,I_2
847,16,I_2
847,17,I_2
847,18,I_2
847,19,I_2
847,20,I_2
847,21,I_2
847,22,I_2
847,23,I_2
847,24,F
848,0,H
848,1,H
848,2,H
848,3,H
848,4,H
848,5,H
848,6,H
848,7,H
848,8,H
848,9,H
848,10,H
848,11,B_1
848,12,B_2
848,13,B_2
848,14,B_2
848,15,B_2
848,16,B_2
848,17,B_2
848,18,B_2
848,19,B_2
848,20,F
849,0,H
849,1,H
849,2,H
849,3,H
849,4,H
849,5,H
849,6,B_1
849,7,B_2
849,8,B_2
849,9,F
850,0,H
850,1,H
850,2,H
850,3,H
850,4,H
850,5,H
850,6,H
850,7,H
850,8,H
850,9,H
850,10,H
850,11,H
850,12,H
850,13,H
850,14,H
850,15,H
850,16,H
850,17,H
850,18,H
850,19,H
850,20,B_1
850,21,B_2
850,22,B_2
850,23,B_2
850,24,B_2
850,25,B_2
850,26,B_2
850,27,B_2
850,28,B_2
850,29,F
851,0,H
851,1,H
851,2,H
851,3,H
851,4,H
851,5,H
851,6,H
851,7,H
851,8,H
851,9,I_1
851,10,I_1
851,11,I_1
851,12,I_1
851,13,I_1
851,14,I_1
851,15,I_1
851,16,I_1
851,17,I_2
851,18,I_2
851,19,I_2
851,20,I_2
851,21,I_2
851,22,I_2
851,23,F
852,0,H
852,1,H
852,2,H
852,3,H
852,4,H
852,5,H
852,6,H
852,7,H
852,8,H
852,9,H
852,10,H
852,11,H
852,12,H
852,13,H
852,14,H
852,15,H
852,16,H
852,17,I_1
852,18,I_1
852,19,I_2
852,20,I_2
852,21,I_2
852,22,I_2
852,23,I_2
852,24,I_2
852,25,I_2
852,26,I_2
852,27,I_2
852,28,I_2
852,29,F
853,0,H
853,1,H
853,2,H
853,3,H
853,4,H
853,5,H
853,6,H
853,7,H
853,8,H
853,9,H
853,10,H
853,11,H
853,12,H
853,13,H
853,14,H
853,15,H
853,16,H
853,17,H
853,18,H
853,19,O_1
853,20,O_1
853,21,O_1
853,22,O_1
853,23,O_1
853,24,O_1
853,25,O_1
853,26,O_1
853,27,O_1
853,28,O_2
853,29,O_2
853,30,O_2
853,31,O_2
853,32,O_2
853,33,O_2
853,34,O_2
853,35,O_2
853,36,O_2
853,37,O_2
853,38,O_2
853,39,O_2
853,40,O_2
853,41,O_2
853,42,O_2
853,43,O_2
853,44,O_2
853,45,O_2
853,46,O_2
853,47,O_2
853,48,O_2
853,49,O_2
853,50,F
854,0,H
854,1,H
854,2,H
854,3,H
854,4,I_1
854,5,I_1
854,6,I_1
854,7,I_1
854,8,I_2
854,9,I_2
854,10,I_2
854,11,F
855,0,H
855,1,H
855,2,H
855,3,H
855,4,O_1
855,5,O_1
855,6,O_1
855,7,O_2
855,8,O_2
855,9,O_2
855,10,O_2
855,11,O_2
855,12,F
856,0,H
856,1,H
856,2,H
856,3,H
856,4,H
856,5,H
856,6,O_1
856,7,O_1
856,8,O_1
856,9,O_1
856,10,O_1
856,11,O_1
856,12,O_1
856,13,O_1
856,14,O_2
856,15,F
857,0,H
857,1,H
857,2,H
857,3,H
857,4,H
857,5,H
857,6,H
857,7,H
857,8,H
857,9,H
857,10,H
857,11,B_1
857,12,B_1
857,13,B_2
857,14,B_2
857,15,F
858,0,H
858,1,H
858,2,H
858,3,B_1
858,4,B_1
858,5,B_1
858,6,B_1
858,7,B_2
858,8,B_2
858,9,B_2
858,10,B_2
858,11,B_2
858,12,F
859,0,H
859,1,H
859,2,H
859,3,H
859,4,H
859,5,H
859,6,H
859,7,H
859,8,H
859,9,H
859,10,H
859,11,H
859,12,I_1
859,13,I_1
859,14,I_1
859,15,I_1
859,16,I_1
859,17,I_1
859,18,I_1
859,19,I_1
859,20,I_1
859,21,I_1
859,22,I_1
859,23,I_1
859,24,I_2
859,25,I_2
859,26,F
860,0,H
860,1,H
860,2,H
860,3,H
860,4,H
860,5,H
860,6,I_1
860,7,I_2
860,8,I_2
860,9,I_2
860,10,I_2
860,11,F
861,0,H
861,1,H
861,2,O_1
861,3,O_1
861,4,O_1
861,5,O_1
861,6,O_1
861,7,O_1
861,8,O_1
861,9,O_1
861,10,O_1
861,11,O_1
861,12,O_1
861,13,O_1
861,14,O_1
861,15,O_1
861,16,O_1
861,17,O_1
861,18,O_1
861,19,O_2
861,20,O_2
861,21,O_2
861,22,F
862,0,H
862,1,H
862,2,H
862,3,H
862,4,H
862,5,H
862,6,H
862,7,O_1
862,8,O_1
862,9,O_1
862,10,O_1
862,11,O_1
862,12,O_1
862,13,O_1
862,14,O_1
862,15,O_1
862,16,O_1
862,17,O_1
862,18,O_1
862,19,O_1
862,20,O_1
862,21,O_1
862,22,O_1
862,23,O_1
862,24,O_1
862,25,O_1
862,26,O_1
862,27,O_1
862,28,O_1
862,29,O_1
862,30,O_1
862,31,O_1
862,32,O_1
862,33,O_1
862,34,O_1
862,35,O_1
862,36,O_1
862,37,O_1
862,38,O_1
862,39,O_2
862,40,O_2
862,41,O_2
862,42,F
863,0,H
863,1,H
863,2,H
863,3,H
863,4,H
863,5,H
863,6,H
863,7,H
863,8,H
863,9,O_1
863,10,O_1
863,11,O_1
863,12,O_1
863,13,O_1
863,14,O_1
863,15,O_2
863,16,O_2
863,17,F
864,0,H
864,1,H
864,2,H
864,3,H
864,4,H
864,5,H
864,6,H
864,7,H
864,8,H
864,9,O_1
864,10,O_1
864,11,O_1
864,12,O_1
864,13,O_1
864,14,O_1
864,15,O_2
864,16,O_2
864,17,O_2
864,18,F
865,0,H
865,1,H
865,2,O_1
865,3,O_1
865,4,O_1
865,5,O_1
865,6,O_1
865,7,O_1
865,8,O_1
865,9,O_1
865,10,O_1
865,11,O_1
865,12,O_1
865,13,O_1
865,14,O_1
865,15,O_1
865,16,O_1
865,17,O_1
865,18,O_1
865,19,O_1
865,20,O_1
865,21,O_1
865,22,O_1
865,23,O_1
865,24,O_1
865,25,O_1
865,26,O_1
865,27,O_1
865,28,O_1
865,29,O_1
865,30,O_2
865,31,O_2
865,32,O_2
865,33,O_2
865,34,F
866,0,H
866,1,H
866,2,H
866,3,H
866,4,H
866,5,H
866,6,H
866,7,H
866,8,H
866,9,H
866,10,H
866,11,O_1
866,12,O_1
866,13,O_1
866,14,O_1
866,15,O_2
866,16,O_2
866,17,O_2
866,18,O_2
866,19,O_2
866,20,O_2
866,21,O_2
866,22,O_2
866,23,O_2
866,24,O_2
866,25,O_2
866,26,O_2
866,27,O_2
866,28,O_2
866,29,O_2
866,30,O_2
866,31,O_2
866,32,O_2
866,33,O_2
866,34,O_2
866,35,F
867,0,H
867,1,H
867,2,H
867,3,H
867,4,H
867,5,H
867,6,H
867,7,H
867,8,H
867,9,H
867,10,I_1
867,11,I_1
867,12,I_1
867,13,I_1
867,14,I_1
867,15,I_1
867,16,I_1
867,17,I_1
867,18,I_1
867,19,I_1
867,20,I_1
867,21,I_1
867,22,I_1
867,23,I_1
867,24,I_1
867,25,I_2
867,26,I_2
867,27,I_2
867,28,I_2
867,29,I_2
867,30,I_2
867,31,I_2
867,32,I_2
867,33,I_2
867,34,I_2
867,35,I_2
867,36,I_2
867,37,F
868,0,H
868,1,H
868,2,H
868,3,B_1
868,4,B_1
868,5,B_1
868,6,B_1
868,7,B_2
868,8,F
869,0,H
869,1,H
869,2,H
869,3,O_1
869,4,O_1
869,5,O_1
869,6,O_1
869,7,O_1
869,8,O_1
869,9,O_1
869,10,O_1
869,11,O_1
869,12,O_1
869,13,O_1
869,14,O_1
869,15,O_1
869,16,O_1
869,17,O_1
869,18,O_1
869,19,O_1
869,20,O_1
869,21,O_1
869,22,O_2
869,23,O_2
869,24,O_2
869,25,O_2
869,26,O_2
869,27,O_2
869,28,O_2
869,29,O_2
869,30,O_2
869,31,O_2
869,32,O_2
869,33,O_2
869,34,O_2
869,35,O_2
869,36,O_2
869,37,O_2
869,38,O_2
869,39,O_2
869,40,O_2
869,41,O_2
869,42,O_2
869,43,O_2
869,44,O_2
869,45,F
870,0,H
870,1,O_1
870,2,O_1
870,3,O_1
870,4,O_1
870,5,O_1
870,6,O_1
870,7,O_2
870,8,O_2
870,9,O_2
870,10,O_2
870,11,F
871,0,H
871,1,H
871,2,H
871,3,H
871,4,H
871,5,O_1
871,6,O_1
871,7,O_1
871,8,O_1
871,9,O_1
871,10,O_1
871,11,O_1
871,12,O_1
871,13,O_1
871,14,O_1
871,15,O_1
871,16,O_1
871,17,O_1
871,18,O_1
871,19,O_1
871,20,O_1
871,21,O_2
871,22,O_2
871,23,O_2
871,24,O_2
871,25,O_2
871,26,O_2
871,27,O_2
871,28,O_2
871,29,O_2
871,30,F
872,0,H
872,1,H
872,2,O_1
872,3,O_1
872,4,O_1
872,5,O_1
872,6,O_1
872,7,O_1
872,8,O_1
872,9,O_1
872,10,O_2
872,11,O_2
872,12,O_2
872,13,O_2
872,14,O_2
872,15,O_2
872,16,O_2
872,17,O_2
872,18,O_2
872,19,O_2
872,20,O_2
872,21,O_2
872,22,O_2
872,23,O_2
872,24,O_2
872,25,F
873,0,H
873,1,H
873,2,H
873,3,H
873,4,H
873,5,H
873,6,H
873,7,H
873,8,H
873,9,H
873,10,H
873,11,H
873,12,H
873,13,H
873,14,H
873,15,H
873,16,H
873,17,H
873,18,H
873,19,H
873,20,H
873,21,H
873,22,B_1
873,23,B_1
873,24,B_2
873,25,F
874,0,H
874,1,H
874,2,H
874,3,H
874,4,H
874,5,H
874,6,H
874,7,H
874,8,H
874,9,H
874,10,H
874,11,H
874,12,H
874,13,I_1
874,14,I_1
874,15,I_1
874,16,I_1
874,17,I_1
874,18,I_2
874,19,I_2
874,20,F
875,0,H
875,1,H
875,2,H
875,3,H
875,4,H
875,5,H
875,6,H
875,7,H
875,8,H
875,9,H
875,10,H
875,11,H
875,12,H
875,13,H
875,14,H
875,15,H
875,16,H
875,17,H
875,18,H
875,19,I_1
875,20,I_1
875,21,I_1
875,22,I_1
875,23,I_1
875,24,I_1
875,25,I_1
875,26,I_1
875,27,I_1
875,28,I_2
875,29,F
876,0,H
876,1,H
876,2,H
876,3,H
876,4,H
876,5,H
876,6,H
876,7,H
876,8,H
876,9,I_1
876,10,I_1
876,11,I_1
876,12,I_2
876,13,I_2
876,14,I_2
876,15,I_2
876,16,I_2
876,17,I_2
876,18,I_2
876,19,I_2
876,20,F
877,0,H
877,1,H
877,2,H
877,3,H
877,4,H
877,5,H
877,6,H
877,7,H
877,8,H
877,9,H
877,10,H
877,11,H
877,12,H
877,13,H
877,14,H
877,15,O_1
877,16,O_1
877,17,O_1
877,18,O_1
877,19,O_1
877,20,O_1
877,21,O_1
877,22,O_1
877,23,O_1
877,24,O_1
877,25,O_1
877,26,O_1
877,27,O_1
877,28,O_1
877,29,O_1
877,30,O_2
877,31,O_2
877,32,O_2
877,33,O_2
877,34,O_2
877,35,F
878,0,H
878,1,H
878,2,H
878,3,H
878,4,H
878,5,H
878,6,H
878,7,H
878,8,H
878,9,H
878,10,H
878,11,H
878,12,H
878,13,H
878,14,H
878,15,H
878,16,H
878,17,H
878,18,H
878,19,H
878,20,H
878,21,H
878,22,H
878,23,H
878,24,H
878,25,H
878,26,B_1
878,27,B_1
878,28,B_1
878,29,B_2
878,30,B_2
878,31,B_2
878,32,F
879,0,H
879,1,H
879,2,H
879,3,H
879,4,H
879,5,H
879,6,H
879,7,H
879,8,H
879,9,H
879,10,H
879,11,H
879,12,H
879,13,H
879,14,H
879,15,H
879,16,H
879,17,I_1
879,18,I_2
879,19,I_2
879,20,I_2
879,21,I_2
879,22,I_2
879,23,I_2
879,24,I_2
879,25,I_2
879,26,I_2
879,27,I_2
879,28,I_2
879,29,I_2
879,30,I_2
879,31,I_2
879,32,I_2
879,33,F
880,0,H
880,1,H
880,2,H
880,3,H
880,4,H
880,5,H
880,6,O_1
880,7,O_1
880,8,O_1
880,9,O_1
880,10,O_1
880,11,O_1
880,12,O_1
880,13,O_1
880,14,O_1
880,15,O_1
880,16,O_1
880,17,O_1
880,18,O_2
880,19,O_2
880,20,O_2
880,21,F
881,0,H
881,1,H
881,2,B_1
881,3,B_1
881,4,B_1
881,5,B_1
881,6,B_2
881,7,F
882,0,H
882,1,H
882,2,H
882,3,H
882,4,H
882,5,H
882,6,H
882,7,H
882,8,H
882,9,H
882,10,H
882,11,H
882,12,B_1
882,13,B_1
882,14,B_2
882,15,F
883,0,H
883,1,H
883,2,H
883,3,H
883,4,H
883,5,H
883,6,H
883,7,H
883,8,H
883,9,H
883,10,H
883,11,H
883,12,H
883,13,H
883,14,H
883,15,I_1
883,16,I_1
883,17,I_1
883,18,I_1
883,19,I_2
883,20,I_2
883,21,F
884,0,H
884,1,H
884,2,O_1
884,3,O_1
884,4,O_1
884,5,O_1
884,6,O_1
884,7,O_2
884,8,O_2
884,9,F
885,0,H
885,1,H
885,2,H
885,3,H
885,4,O_1
885,5,O_1
885,6,O_1
885,7,O_1
885,8,O_1
885,9,O_1
885,10,O_1
885,11,O_1
885,12,O_1
885,13,O_1
885,14,O_1
885,15,O_1
885,16,O_1
885,17,O_1
885,18,O_2
885,19,O_2
885,20,O_2
885,21,O_2
885,22,O_2
885,23,F
886,0,H
886,1,H
886,2,H
886,3,H
886,4,H
886,5,H
886,6,H
886,7,O_1
886,8,O_1
886,9,O_1
886,10,O_1
886,11,O_1
886,12,O_1
886,13,O_1
886,14,O_1
886,15,O_1
886,16,O_1
886,17,O_1
886,18,O_1
886,19,O_1
886,20,O_1
886,21,O_1
886,22,O_1
886,23,O_1
886,24,O_1
886,25,O_1
886,26,O_1
886,27,O_1
886,28,O_1
886,29,O_1
886,30,O_1
886,31,O_1
886,32,O_1
886,33,O_1
886,34,O_1
886,35,O_1
886,36,O_1
886,37,O_2
886,38,O_2
886,39,O_2
886,40,O_2
886,41,O_2
886,42,O_2
886,43,O_2
886,44,O_2
886,45,O_2
886,46,O_2
886,47,O_2
886,48,O_2
886,49,O_2
886,50,O_2
886,51,O_2
886,52,O_2
886,53,O_2
886,54,O_2
886,55,O_2
886,56,O_2
886,57,O_2
886,58,O_2
886,59,O_2
886,60,O_2
886,61,O_2
886,62,O_2
886,63,F
887,0,H
887,1,I_1
887,2,I_1
887,3,I_1
887,4,I_1
887,5,I_2
887,6,I_2
887,7,I_2
887,8,F
888,0,H
888,1,H
888,2,H
888,3,H
888,4,H
888,5,H
888,6,O_1
888,7,O_1
888,8,O_1
888,9,O_1
888,10,O_1
888,11,O_1
888,12,O_1
888,13,O_1
888,14,O_1
888,15,O_1
888,16,O_1
888,17,O_1
888,18,O_1
888,19,O_1
888,20,O_1
888,21,O_2
888,22,O_2
888,23,F
889,0,H
889,1,H
889,2,H
889,3,H
889,4,H
889,5,H
889,6,H
889,7,H
889,8,H
889,9,H
889,10,H
889,11,H
889,12,H
889,13,H
889,14,H
889,15,B_1
889,16,B_2
889,17,B_2
889,18,B_2
889,19,B_2
889,20,B_2
889,21,F
890,0,H
890,1,I_1
890,2,I_1
890,3,I_1
890,4,I_1
890,5,I_1
890,6,I_1
890,7,I_1
890,8,I_2
890,9,F
891,0,H
891,1,O_1
891,2,O_1
891,3,O_1
891,4,O_1
891,5,O_1
891,6,O_1
891,7,O_1
891,8,O_1
891,9,O_1
891,10,O_1
891,11,O_1
891,12,O_1
891,13,O_1
891,14,O_2
891,15,O_2
891,16,O_2
891,17,F
892,0,H
892,1,H
892,2,B_1
892,3,B_2
892,4,F
893,0,H
893,1,H
893,2,H
893,3,O_1
893,4,O_1
893,5,O_2
893,6,O_2
893,7,O_2
893,8,O_2
893,9,O_2
893,10,O_2
893,11,O_2
893,12,O_2
893,13,O_2
893,14,O_2
893,15,O_2
893,16,F
894,0,H
894,1,H
894,2,H
894,3,H
894,4,H
894,5,H
894,6,O_1
894,7,O_1
894,8,O_1
894,9,O_1
894,10,O_1
894,11,O_1
894,12,O_1
894,13,O_1
894,14,O_1
894,15,O_1
894,16,O_2
894,17,O_2
894,18,O_2
894,19,F
895,0,H
895,1,H
895,2,H
895,3,I_1
895,4,I_1
895,5,I_2
895,6,I_2
895,7,I_2
895,8,I_2
895,9,I_2
895,10,I_2
895,11,I_2
895,12,I_2
895,13,F
896,0,H
896,1,H
896,2,H
896,3,H
896,4,H
896,5,H
896,6,H
896,7,H
896,8,H
896,9,H
896,10,H
896,11,H
896,12,H
896,13,H
896,14,H
896,15,H
896,16,H
896,17,H
896,18,H
896,19,H
896,20,O_1
896,21,O_1
896,22,O_2
896,23,O_2
896,24,F
897,0,H
897,1,H
897,2,H
897,3,H
897,4,H
897,5,H
897,6,H
897,7,H
897,8,H
897,9,H
897,10,H
897,11,H
897,12,H
897,13,O_1
897,14,O_1
897,15,O_2
897,16,O_2
897,17,F
898,0,H
898,1,H
898,2,O_1
898,3,O_2
898,4,O_2
898,5,F
899,0,H
899,1,H
899,2,H
899,3,H
899,4,H
899,5,H
899,6,H
899,7,O_1
899,8,O_1
899,9,O_1
899,10,O_1
899,11,O_1
899,12,O_1
899,13,O_2
899,14,O_2
899,15,O_2
899,16,F
900,0,H
900,1,H
900,2,H
900,3,H
900,4,H
900,5,H
900,6,O_1
900,7,O_1
900,8,O_1
900,9,O_1
900,10,O_1
900,11,O_1
900,12,O_1
900,13,O_1
900,14,O_1
900,15,O_1
900,16,O_1
900,17,O_1
900,18,O_1
900,19,O_1
900,20,O_1
900,21,O_2
900,22,O_2
900,23,O_2
900,24,O_2
900,25,O_2
900,26,O_2
900,27,F
901,0,H
901,1,H
901,2,H
901,3,H
901,4,H
901,5,H
901,6,H
901,7,H
901,8,H
901,9,H
901,10,H
901,11,H
901,12,H
901,13,H
901,14,B_1
901,15,B_1
901,16,B_1
901,17,B_1
901,18,B_1
901,19,B_1
901,20,B_1
901,21,B_1
901,22,B_2
901,23,B_2
901,24,B_2
901,25,B_2
901,26,F
902,0,H
902,1,O_1
902,2,O_1
902,3,O_1
902,4,O_1
902,5,O_1
902,6,O_1
902,7,O_1
902,8,O_1
902,9,O_1
902,10,O_2
902,11,O_2
902,12,O_2
902,13,F
903,0,H
903,1,H
903,2,H
903,3,I_1
903,4,I_1
903,5,I_1
903,6,I_1
903,7,I_1
903,8,I_1
903,9,I_2
903,10,I_2
903,11,F
904,0,H
904,1,H
904,2,H
904,3,H
904,4,H
904,5,H
904,6,H
904,7,H
904,8,H
904,9,H
904,10,H
904,11,H
904,12,H
904,13,H
904,14,H
904,15,H
904,16,O_1
904,17,O_1
904,18,O_1
904,19,O_1
904,20,O_1
904,21,O_1
904,22,O_1
904,23,O_1
904,24,O_1
904,25,O_1
904,26,O_1
904,27,O_1
904,28,O_1
904,29,O_1
904,30,O_1
904,31,O_1
904,32,O_1
904,33,O_1
904,34,O_1
904,35,O_1
904,36,O_1
904,37,O_1
904,38,O_1
904,39,O_1
904,40,O_1
904,41,O_1
904,42,O_1
904,43,O_1
904,44,O_2
904,45,O_2
904,46,O_2
904,47,F
905,0,H
905,1,H
905,2,H
905,3,H
905,4,H
905,5,H
905,6,H
905,7,H
905,8,H
905,9,H
905,10,I_1
905,11,I_1
905,12,I_1
905,13,I_1
905,14,I_1
905,15,I_1
905,16,I_1
905,17,I_1
905,18,I_1
905,19,I_1
905,20,I_1
905,21,I_2
905,22,I_2
905,23,F
906,0,H
906,1,H
906,2,H
906,3,H
906,4,H
906,5,H
906,6,H
906,7,H
906,8,H
906,9,H
906,10,I_1
906,11,I_1
906,12,I_1
906,13,I_1
906,14,I_1
906,15,I_1
906,16,I_1
906,17,I_2
906,18,F
907,0,H
907,1,H
907,2,I_1
907,3,I_2
907,4,I_2
907,5,I_2
907,6,F
908,0,H
908,1,H
908,2,H
908,3,H
908,4,H
908,5,H
908,6,H
908,7,H
908,8,H
908,9,H
908,10,H
908,11,H
908,12,H
908,13,H
908,14,H
908,15,H
908,16,H
908,17,B_1
908,18,B_1
908,19,B_1
908,20,B_1
908,21,B_1
908,22,B_1
908,23,B_1
908,24,B_1
908,25,B_2
908,26,B_2
908,27,F
909,0,H
909,1,I_1
909,2,I_1
909,3,I_1
909,4,I_2
909,5,I_2
909,6,F
910,0,H
910,1,O_1
910,2,O_1
910,3,O_1
910,4,O_1
910,5,O_1
910,6,O_1
910,7,O_1
910,8,O_1
910,9,O_1
910,10,O_1
910,11,O_1
910,12,O_1
910,13,O_2
910,14,O_2
910,15,O_2
910,16,O_2
910,17,O_2
910,18,O_2
910,19,F
911,0,H
911,1,H
911,2,I_1
911,3,I_1
911,4,I_1
911,5,I_1
911,6,I_1
911,7,I_1
911,8,I_1
911,9,I_1
911,10,I_1
911,11,I_1
911,12,I_1
911,13,I_1
911,14,I_1
911,15,I_2
911,16,I_2
911,17,I_2
911,18,I_2
911,19,I_2
911,20,I_2
911,21,I_2
911,22,I_2
911,23,F
912,0,H
912,1,H
912,2,H
912,3,H
912,4,H
912,5,H
912,6,H
912,7,H
912,8,H
912,9,H
912,10,B_1
912,11,B_1
912,12,B_2
912,13,F
913,0,H
913,1,H
913,2,H
913,3,H
913,4,H
913,5,H
913,6,H
913,7,H
913,8,H
913,9,H
913,10,H
913,11,H
913,12,H
913,13,H
913,14,H
913,15,H
913,16,H
913,17,H
913,18,H
913,19,H
913,20,I_1
913,21,I_1
913,22,I_2
913,23,I_2
913,24,I_2
913,25,I_2
913,26,F
914,0,H
914,1,B_1
914,2,B_1
914,3,B_1
914,4,B_1
914,5,B_2
914,6,F
915,0,H
915,1,H
915,2,H
915,3,H
915,4,H
915,5,H
915,6,H
915,7,H
915,8,H
915,9,H
915,10,H
915,11,H
915,12,H
915,13,H
915,14,H
915,15,H
915,16,H
915,17,H
915,18,H
915,19,H
915,20,H
915,21,H
915,22,H
915,23,H
915,24,H
915,25,H
915,26,H
915,27,I_1
915,28,I_1
915,29,I_2
915,30,F
916,0,H
916,1,H
916,2,H
916,3,H
916,4,H
916,5,H
916,6,H
916,7,H
916,8,O_1
916,9,O_1
916,10,O_1
916,11,O_1
916,12,O_1
916,13,O_1
916,14,O_1
916,15,O_1
916,16,O_1
916,17,O_1
916,18,O_1
916,19,O_1
916,20,O_1
916,21,O_1
916,22,O_1
916,23,O_1
916,24,O_1
916,25,O_1
916,26,O_1
916,27,O_1
916,28,O_1
916,29,O_1
916,30,O_1
916,31,O_1
916,32,O_1
916,33,O_1
916,34,O_1
916,35,O_1
916,36,O_2
916,37,O_2
916,38,O_2
916,39,O_2
916,40,O_2
916,41,O_2
916,42,F
917,0,H
917,1,H
917,2,H
917,3,H
917,4,H
917,5,O_1
917,6,O_1
917,7,O_1
917,8,O_1
917,9,O_1
917,10,O_1
917,11,O_2
917,12,F
918,0,H
918,1,H
918,2,H
918,3,H
918,4,H
918,5,H
918,6,H
918,7,H
918,8,H
918,9,H
918,10,H
918,11,H
918,12,H
918,13,H
918,14,H
918,15,H
918,16,H
918,17,H
918,18,H
918,19,H
918,20,H
918,21,H
918,22,H
918,23,H
918,24,H
918,25,H
918,26,H
918,27,H
918,28,H
918,29,H
918,30,H
918,31,H
918,32,H
918,33,H
918,34,H
918,35,H
918,36,H
918,37,H
918,38,H
918,39,H
918,40,H
918,41,H
918,42,H
918,43,H
918,44,O_1
918,45,O_1
918,46,O_1
918,47,O_1
918,48,O_2
918,49,F
919,0,H
919,1,H
919,2,H
919,3,H
919,4,H
919,5,H
919,6,H
919,7,H
919,8,O_1
919,9,O_1
919,10,O_1
919,11,O_1
919,12,O_1
919,13,O_1
919,14,O_1
919,15,O_1
919,16,O_1
919,17,O_1
919,18,O_2
919,19,O_2
919,20,O_2
919,21,O_2
919,22,O_2
919,23,O_2
919,24,O_2
919,25,O_2
919,26,O_2
919,27,O_2
919,28,O_2
919,29,O_2
919,30,O_2
919,31,O_2
919,32,O_2
919,33,O_2
919,34,O_2
919,35,O_2
919,36,O_2
919,37,O_2
919,38,O_2
919,39,O_2
919,40,F
920,0,H
920,1,H
920,2,H
920,3,H
920,4,H
920,5,H
920,6,I_1
920,7,I_1
920,8,I_1
920,9,I_2
920,10,I_2
920,11,F
921,0,H
921,1,H
921,2,H
921,3,H
921,4,H
921,5,H
921,6,H
921,7,O_1
921,8,O_1
921,9,O_1
921,10,O_1
921,11,O_2
921,12,O_2
921,13,O_2
921,14,O_2
921,15,O_2
921,16,O_2
921,17,F
922,0,H
922,1,H
922,2,H
922,3,H
922,4,H
922,5,H
922,6,H
922,7,H
922,8,H
922,9,H
922,10,H
922,11,H
922,12,H
922,13,H
922,14,H
922,15,H
922,16,H
922,17,H
922,18,H
922,19,H
922,20,O_1
922,21,O_1
922,22,O_1
922,23,O_1
922,24,O_1
922,25,O_1
922,26,O_1
922,27,O_1
922,28,O_1
922,29,O_1
922,30,O_2
922,31,O_2
922,32,O_2
922,33,O_2
922,34,O_2
922,35,O_2
922,36,O_2
922,37,O_2
922,38,O_2
922,39,O_2
922,40,O_2
922,41,O_2
922,42,O_2
922,43,F
923,0,H
923,1,H
923,2,H
923,3,H
923,4,H
923,5,H
923,6,H
923,7,H
923,8,H
923,9,H
923,10,H
923,11,H
923,12,H
923,13,H
923,14,H
923,15,H
923,16,H
923,17,H
923,18,H
923,19,H
923,20,H
923,21,H
923,22,H
923,23,H
923,24,H
923,25,H
923,26,H
923,27,H
923,28,H
923,29,H
923,30,H
923,31,H
923,32,H
923,33,H
923,34,H
923,35,H
923,36,H
923,37,H
923,38,O_1
923,39,O_1
923,40,O_1
923,41,O_1
923,42,O_1
923,43,O_2
923,44,O_2
923,45,O_2
923,46,O_2
923,47,F
924,0,H
924,1,H
924,2,H
924,3,O_1
924,4,O_1
924,5,O_1
924,6,O_1
924,7,O_1
924,8,O_1
924,9,O_1
924,10,O_2
924,11,O_2
924,12,O_2
924,13,O_2
924,14,O_2
924,15,O_2
924,16,F
925,0,H
925,1,O_1
925,2,O_1
925,3,O_1
925,4,O_2
925,5,O_2
925,6,O_2
925,7,O_2
925,8,O_2
925,9,O_2
925,10,O_2
925,11,O_2
925,12,O_2
925,13,F
926,0,H
926,1,H
926,2,H
926,3,H
926,4,H
926,5,H
926,6,H
926,7,I_1
926,8,I_1
926,9,I_1
926,10,I_1
926,11,I_1
926,12,I_2
926,13,I_2
926,14,I_2
926,15,I_2
926,16,I_2
926,17,I_2
926,18,I_2
926,19,I_2
926,20,I_2
926,21,F
927,0,H
927,1,H
927,2,H
927,3,H
927,4,H
927,5,H
927,6,H
927,7,H
927,8,H
927,9,H
927,10,H
927,11,H
927,12,H
927,13,H
927,14,O_1
927,15,O_1
927,16,O_1
927,17,O_1
927,18,O_1
927,19,O_1
927,20,O_1
927,21,O_1
927,22,O_1
927,23,O_1
927,24,O_1
927,25,O_1
927,26,O_2
927,27,O_2
927,28,O_2
927,29,O_2
927,30,O_2
927,31,O_2
927,32,F
928,0,H
928,1,O_1
928,2,O_1
928,3,O_1
928,4,O_1
928,5,O_1
928,6,O_1
928,7,O_2
928,8,O_2
928,9,O_2
928,10,O_2
928,11,O_2
928,12,O_2
928,13,O_2
928,14,O_2
928,15,O_2
928,16,O_2
928,17,O_2
928,18,O_2
928,19,O_2
928,20,O_2
928,21,O_2
928,22,O_2
928,23,O_2
928,24,F
929,0,H
929,1,H
929,2,H
929,3,H
929,4,H
929,5,H
929,6,H
929,7,H
929,8,H
929,9,H
929,10,H
929,11,O_1
929,12,O_2
929,13,O_2
929,14,O_2
929,15,O_2
929,16,O_2
929,17,O_2
929,18,O_2
929,19,O_2
929,20,F
930,0,H
930,1,H
930,2,H
930,3,H
930,4,H
930,5,H
930,6,O_1
930,7,O_1
930,8,O_1
930,9,O_1
930,10,O_1
930,11,O_1
930,12,O_1
930,13,O_1
930,14,O_1
930,15,O_1
930,16,O_1
930,17,O_1
930,18,O_1
930,19,O_1
930,20,O_1
930,21,O_1
930,22,O_1
930,23,O_1
930,24,O_1
930,25,O_1
930,26,O_1
930,27,O_1
930,28,O_1
930,29,O_1
930,30,O_1
930,31,O_1
930,32,O_1
930,33,O_1
930,34,O_1
930,35,O_1
930,36,O_1
930,37,O_1
930,38,O_1
930,39,O_1
930,40,O_1
930,41,O_1
930,42,O_1
930,43,O_1
930,44,O_1
930,45,O_1
930,46,O_1
930,47,O_2
930,48,O_2
930,49,O_2
930,50,O_2
930,51,O_2
930,52,O_2
930,53,O_2
930,54,O_2
930,55,O_2
930,56,O_2
930,57,O_2
930,58,O_2
930,59,O_2
930,60,O_2
930,61,O_2
930,62,O_2
930,63,O_2
930,64,O_2
930,65,O_2
930,66,O_2
930,67,O_2
930,68,F
931,0,H
931,1,H
931,2,H
931,3,H
931,4,H
931,5,H
931,6,H
931,7,H
931,8,H
931,9,H
931,10,H
931,11,H
931,12,H
931,13,H
931,14,H
931,15,H
931,16,H
931,17,I_1
931,18,I_1
931,19,I_1
931,20,I_1
931,21,I_1
931,22,I_1
931,23,I_2
931,24,I_2
931,25,I_2
931,26,I_2
931,27,I_2
931,28,I_2
931,29,F
932,0,H
932,1,H
932,2,H
932,3,H
932,4,H
932,5,H
932,6,H
932,7,H
932,8,H
932,9,H
932,10,H
932,11,I_1
932,12,I_1
932,13,I_1
932,14,I_1
932,15,I_1
932,16,I_1
932,17,I_1
932,18,I_1
932,19,I_1
932,20,I_1
932,21,I_2
932,22,I_2
932,23,F
933,0,H
933,1,H
933,2,H
933,3,H
933,4,H
933,5,H
933,6,H
933,7,H
933,8,H
933,9,H
933,10,B_1
933,11,B_1
933,12,B_2
933,13,F
934,0,H
934,1,H
934,2,H
934,3,H
934,4,H
934,5,H
934,6,H
934,7,H
934,8,H
934,9,H
934,10,H
934,11,H
934,12,H
934,13,H
934,14,H
934,15,H
934,16,H
934,17,H
934,18,H
934,19,H
934,20,H
934,21,B_1
934,22,B_2
934,23,B_2
934,24,F
935,0,H
935,1,H
935,2,H
935,3,H
935,4,H
935,5,H
935,6,H
935,7,H
935,8,H
935,9,H
935,10,H
935,11,H
935,12,H
935,13,H
935,14,B_1
935,15,B_1
935,16,B_2
935,17,B_2
935,18,F
936,0,H
936,1,H
936,2,H
936,3,H
936,4,H
936,5,B_1
936,6,B_2
936,7,B_2
936,8,F
937,0,H
937,1,H
937,2,H
937,3,H
937,4,H
937,5,H
937,6,H
937,7,H
937,8,H
937,9,H
937,10,H
937,11,B_1
937,12,B_2
937,13,F
938,0,H
938,1,H
938,2,H
938,3,H
938,4,H
938,5,H
938,6,H
938,7,H
938,8,H
938,9,I_1
938,10,I_1
938,11,I_1
938,12,I_1
938,13,I_1
938,14,I_1
938,15,I_1
938,16,I_2
938,17,I_2
938,18,I_2
938,19,I_2
938,20,I_2
938,21,I_2
938,22,F
939,0,H
939,1,H
939,2,H
939,3,H
939,4,H
939,5,H
939,6,H
939,7,H
939,8,H
939,9,H
939,10,H
939,11,H
939,12,H
939,13,H
939,14,O_1
939,15,O_1
939,16,O_1
939,17,O_2
939,18,O_2
939,19,O_2
939,20,O_2
939,21,O_2
939,22,O_2
939,23,O_2
939,24,O_2
939,25,O_2
939,26,O_2
939,27,O_2
939,28,O_2
939,29,O_2
939,30,O_2
939,31,O_2
939,32,O_2
939,33,O_2
939,34,O_2
939,35,O_2
939,36,O_2
939,37,O_2
939,38,O_2
939,39,O_2
939,40,O_2
939,41,O_2
939,42,O_2
939,43,O_2
939,44,F
940,0,H
940,1,H
940,2,H
940,3,H
940,4,H
940,5,H
940,6,H
940,7,H
940,8,H
940,9,H
940,10,H
940,11,H
940,12,H
940,13,H
940,14,H
940,15,H
940,16,H
940,17,O_1
940,18,O_1
940,19,O_1
940,20,O_1
940,21,O_1
940,22,O_1
940,23,O_1
940,24,O_1
940,25,O_1
940,26,O_1
940,27,O_1
940,28,O_1
940,29,O_1
940,30,O_1
940,31,O_2
940,32,O_2
940,33,O_2
940,34,O_2
940,35,O_2
940,36,F
941,0,H
941,1,H
941,2,H
941,3,H
941,4,H
941,5,H
941,6,H
941,7,H
941,8,B_1
941,9,B_1
941,10,B_1
941,11,B_1
941,12,B_2
941,13,B_2
941,14,B_2
941,15,B_2
941,16,F
942,0,H
942,1,H
942,2,H
942,3,H
942,4,H
942,5,H
942,6,H
942,7,I_1
942,8,I_2
942,9,I_2
942,10,I_2
942,11,I_2
942,12,I_2
942,13,F
943,0,H
943,1,H
943,2,H
943,3,O_1
943,4,O_2
943,5,O_2
943,6,O_2
943,7,O_2
943,8,F
944,0,H
944,1,H
944,2,H
944,3,H
944,4,H
944,5,H
944,6,H
944,7,H
944,8,H
944,9,H
944,10,H
944,11,O_1
944,12,O_1
944,13,O_1
944,14,O_1
944,15,O_2
944,16,O_2
944,17,O_2
944,18,O_2
944,19,O_2
944,20,F
945,0,H
945,1,H
945,2,H
945,3,H
945,4,H
945,5,H
945,6,H
945,7,O_1
945,8,O_1
945,9,O_1
945,10,O_2
945,11,O_2
945,12,O_2
945,13,O_2
945,14,O_2
945,15,O_2
945,16,O_2
945,17,O_2
945,18,O_2
945,19,O_2
945,20,O_2
945,21,O_2
945,22,O_2
945,23,O_2
945,24,O_2
945,25,O_2
945,26,O_2
945,27,O_2
945,28,O_2
945,29,O_2
945,30,O_2
945,31,O_2
945,32,O_2
945,33,O_2
945,34,O_2
945,35,F
946,0,H
946,1,H
946,2,H
946,3,O_1
946,4,O_1
946,5,O_1
946,6,O_1
946,7,O_1
946,8,O_2
946,9,F
947,0,H
947,1,H
947,2,H
947,3,H
947,4,H
947,5,H
947,6,O_1
947,7,O_1
947,8,O_1
947,9,O_1
947,10,O_1
947,11,O_1
947,12,O_1
947,13,O_1
947,14,O_1
947,15,O_1
947,16,O_1
947,17,O_1
947,18,O_1
947,19,O_1
947,20,O_1
947,21,O_2
947,22,O_2
947,23,O_2
947,24,O_2
947,25,O_2
947,26,O_2
947,27,F
948,0,H
948,1,I_1
948,2,I_1
948,3,I_1
948,4,I_1
948,5,I_2
948,6,I_2
948,7,F
949,0,H
949,1,H
949,2,H
949,3,H
949,4,H
949,5,H
949,6,H
949,7,O_1
949,8,O_1
949,9,O_1
949,10,O_1
949,11,O_1
949,12,O_2
949,13,O_2
949,14,F
950,0,H
950,1,H
950,2,B_1
950,3,B_2
950,4,F
951,0,H
951,1,H
951,2,H
951,3,O_1
951,4,O_1
951,5,O_1
951,6,O_1
951,7,O_1
951,8,O_2
951,9,O_2
951,10,O_2
951,11,O_2
951,12,F
952,0,H
952,1,H
952,2,H
952,3,H
952,4,H
952,5,H
952,6,H
952,7,H
952,8,H
952,9,H
952,10,H
952,11,H
952,12,H
952,13,H
952,14,H
952,15,H
952,16,H
952,17,H
952,18,H
952,19,H
952,20,H
952,21,H
952,22,H
952,23,H
952,24,H
952,25,H
952,26,H
952,27,H
952,28,H
952,29,H
952,30,H
952,31,H
952,32,H
952,33,H
952,34,H
952,35,H
952,36,O_1
952,37,O_1
952,38,O_1
952,39,O_1
952,40,O_1
952,41,O_1
952,42,O_1
952,43,O_1
952,44,O_1
952,45,O_1
952,46,O_1
952,47,O_1
952,48,O_1
952,49,O_1
952,50,O_1
952,51,O_1
952,52,O_1
952,53,O_1
952,54,O_2
952,55,O_2
952,56,O_2
952,57,O_2
952,58,O_2
952,59,O_2
952,60,F
953,0,H
953,1,I_1
953,2,I_1
953,3,I_2
953,4,I_2
953,5,I_2
953,6,I_2
953,7,I_2
953,8,F
954,0,H
954,1,H
954,2,H
954,3,H
954,4,H
954,5,H
954,6,H
954,7,H
954,8,H
954,9,H
954,10,H
954,11,H
954,12,H
954,13,H
954,14,H
954,15,H
954,16,H
954,17,H
954,18,H
954,19,H
954,20,H
954,21,H
954,22,H
954,23,H
954,24,H
954,25,H
954,26,H
954,27,H
954,28,H
954,29,H
954,30,H
954,31,H
954,32,H
954,33,H
954,34,H
954,35,H
954,36,H
954,37,H
954,38,I_1
954,39,I_1
954,40,I_1
954,41,I_1
954,42,I_1
954,43,I_1
954,44,I_1
954,45,I_1
954,46,I_1
954,47,I_1
954,48,I_2
954,49,I_2
954,50,I_2
954,51,I_2
954,52,I_2
954,53,I_2
954,54,I_2
954,55,I_2
954,56,I_2
954,57,I_2
954,58,I_2
954,59,I_2
954,60,I_2
954,61,I_2
954,62,I_2
954,63,I_2
954,64,F
955,0,H
955,1,H
955,2,H
955,3,H
955,4,H
955,5,H
955,6,O_1
955,7,O_1
955,8,O_1
955,9,O_1
955,10,O_1
955,11,O_1
955,12,O_1
955,13,O_2
955,14,O_2
955,15,O_2
955,16,O_2
955,17,F
956,0,H
956,1,O_1
956,2,O_1
956,3,O_1
956,4,O_1
956,5,O_1
956,6,O_1
956,7,O_1
956,8,O_1
956,9,O_1
956,10,O_1
956,11,O_1
956,12,O_1
956,13,O_1
956,14,O_1
956,15,O_1
956,16,O_1
956,17,O_2
956,18,O_2
956,19,F
957,0,H
957,1,H
957,2,H
957,3,H
957,4,H
957,5,H
957,6,H
957,7,B_1
957,8,B_1
957,9,B_2
957,10,B_2
957,11,F
958,0,H
958,1,H
958,2,H
958,3,H
958,4,H
958,5,H
958,6,H
958,7,H
958,8,H
958,9,H
958,10,H
958,11,H
958,12,H
958,13,H
958,14,H
958,15,H
958,16,H
958,17,H
958,18,I_1
958,19,I_1
958,20,I_1
958,21,I_1
958,22,I_1
958,23,I_2
958,24,I_2
958,25,I_2
958,26,I_2
958,27,I_2
958,28,I_2
958,29,I_2
958,30,I_2
958,31,I_2
958,32,I_2
958,33,I_2
958,34,I_2
958,35,I_2
958,36,I_2
958,37,I_2
958,38,I_2
958,39,I_2
958,40,I_2
958,41,I_2
958,42,I_2
958,43,I_2
958,44,I_2
958,45,I_2
958,46,F
959,0,H
959,1,H
959,2,H
959,3,H
959,4,H
959,5,H
959,6,H
959,7,H
959,8,H
959,9,H
959,10,H
959,11,H
959,12,H
959,13,I_1
959,14,I_1
959,15,I_1
959,16,I_2
959,17,I_2
959,18,I_2
959,19,I_2
959,20,I_2
959,21,I_2
959,22,F
960,0,H
960,1,H
960,2,H
960,3,H
960,4,H
960,5,H
960,6,H
960,7,H
960,8,H
960,9,H
960,10,H
960,11,H
960,12,H
960,13,H
960,14,O_1
960,15,O_2
960,16,O_2
960,17,O_2
960,18,O_2
960,19,O_2
960,20,O_2
960,21,O_2
960,22,O_2
960,23,O_2
960,24,O_2
960,25,O_2
960,26,O_2
960,27,O_2
960,28,O_2
960,29,O_2
960,30,O_2
960,31,F
961,0,H
961,1,H
961,2,H
961,3,O_1
961,4,O_1
961,5,O_1
961,6,O_1
961,7,O_1
961,8,O_1
961,9,O_1
961,10,O_2
961,11,F
962,0,H
962,1,H
962,2,H
962,3,H
962,4,H
962,5,O_1
962,6,O_1
962,7,O_1
962,8,O_1
962,9,O_1
962,10,O_1
962,11,O_1
962,12,O_1
962,13,O_1
962,14,O_1
962,15,O_1
962,16,O_1
962,17,O_1
962,18,O_1
962,19,O_1
962,20,O_1
962,21,O_1
962,22,O_1
962,23,O_1
962,24,O_1
962,25,O_1
962,26,O_1
962,27,O_1
962,28,O_1
962,29,O_1
962,30,O_1
962,31,O_1
962,32,O_1
962,33,O_1
962,34,O_1
962,35,O_1
962,36,O_1
962,37,O_1
962,38,O_1
962,39,O_1
962,40,O_1
962,41,O_1
962,42,O_1
962,43,O_1
962,44,O_1
962,45,O_1
962,46,O_1
962,47,O_1
962,48,O_1
962,49,O_1
962,50,O_1
962,51,O_1
962,52,O_2
962,53,F
963,0,H
963,1,H
963,2,H
963,3,H
963,4,H
963,5,H
963,6,H
963,7,H
963,8,H
963,9,H
963,10,B_1
963,11,B_1
963,12,B_1
963,13,B_2
963,14,B_2
963,15,B_2
963,16,F
964,0,H
964,1,H
964,2,H
964,3,H
964,4,O_1
964,5,O_1
964,6,O_1
964,7,O_1
964,8,O_1
964,9,O_1
964,10,O_1
964,11,O_1
964,12,O_1
964,13,O_2
964,14,O_2
964,15,O_2
964,16,O_2
964,17,O_2
964,18,O_2
964,19,O_2
964,20,O_2
964,21,O_2
964,22,O_2
964,23,O_2
964,24,O_2
964,25,O_2
964,26,O_2
964,27,O_2
964,28,O_2
964,29,F
965,0,H
965,1,H
965,2,H
965,3,H
965,4,H
965,5,H
965,6,H
965,7,H
965,8,H
965,9,H
965,10,H
965,11,H
965,12,H
965,13,H
965,14,H
965,15,H
965,16,H
965,17,H
965,18,H
965,19,H
965,20,H
965,21,H
965,22,H
965,23,H
965,24,H
965,25,H
965,26,H
965,27,H
965,28,I_1
965,29,I_2
965,30,I_2
965,31,I_2
965,32,I_2
965,33,I_2
965,34,I_2
965,35,I_2
965,36,I_2
965,37,I_2
965,38,I_2
965,39,I_2
965,40,I_2
965,41,I_2
965,42,I_2
965,43,I_2
965,44,F
966,0,H
966,1,H
966,2,O_1
966,3,O_1
966,4,O_1
966,5,O_1
966,6,O_1
966,7,O_2
966,8,O_2
966,9,O_2
966,10,O_2
966,11,F
967,0,H
967,1,H
967,2,H
967,3,H
967,4,H
967,5,I_1
967,6,I_1
967,7,I_1
967,8,I_2
967,9,F
968,0,H
968,1,H
968,2,H
968,3,H
968,4,H
968,5,H
968,6,H
968,7,H
968,8,H
968,9,B_1
968,10,B_1
968,11,B_2
968,12,F
969,0,H
969,1,H
969,2,O_1
969,3,O_1
969,4,O_1
969,5,O_1
969,6,O_1
969,7,O_1
969,8,O_1
969,9,O_1
969,10,O_1
969,11,O_1
969,12,O_1
969,13,O_1
969,14,O_1
969,15,O_1
969,16,O_1
969,17,O_1
969,18,O_2
969,19,O_2
969,20,O_2
969,21,F
970,0,H
970,1,H
970,2,H
970,3,H
970,4,H
970,5,H
970,6,H
970,7,H
970,8,H
970,9,H
970,10,H
970,11,H
970,12,H
970,13,H
970,14,I_1
970,15,I_1
970,16,I_1
970,17,I_1
970,18,I_1
970,19,I_1
970,20,I_1
970,21,I_1
970,22,I_1
970,23,I_1
970,24,I_2
970,25,I_2
970,26,I_2
970,27,I_2
970,28,F
971,0,H
971,1,H
971,2,H
971,3,H
971,4,H
971,5,H
971,6,H
971,7,H
971,8,H
971,9,H
971,10,O_1
971,11,O_1
971,12,O_1
971,13,O_1
971,14,O_1
971,15,O_1
971,16,O_1
971,17,O_1
971,18,O_1
971,19,O_1
971,20,O_1
971,21,O_1
971,22,O_1
971,23,O_1
971,24,O_1
971,25,O_1
971,26,O_1
971,27,O_1
971,28,O_1
971,29,O_1
971,30,O_2
971,31,O_2
971,32,O_2
971,33,O_2
971,34,O_2
971,35,O_2
971,36,F
972,0,H
972,1,H
972,2,H
972,3,H
972,4,B_1
972,5,B_1
972,6,B_2
972,7,B_2
972,8,B_2
972,9,F
973,0,H
973,1,H
973,2,H
973,3,H
973,4,O_1
973,5,O_2
973,6,O_2
973,7,O_2
973,8,O_2
973,9,O_2
973,10,O_2
973,11,O_2
973,12,O_2
973,13,O_2
973,14,O_2
973,15,O_2
973,16,O_2
973,17,O_2
973,18,O_2
973,19,O_2
973,20,O_2
973,21,O_2
973,22,O_2
973,23,O_2
973,24,O_2
973,25,O_2
973,26,O_2
973,27,O_2
973,28,O_2
973,29,O_2
973,30,O_2
973,31,F
974,0,H
974,1,H
974,2,H
974,3,H
974,4,H
974,5,H
974,6,H
974,7,H
974,8,H
974,9,H
974,10,H
974,11,H
974,12,H
974,13,H
974,14,B_1
974,15,B_2
974,16,B_2
974,17,B_2
974,18,B_2
974,19,B_2
974,20,B_2
974,21,B_2
974,22,B_2
974,23,B_2
974,24,F
975,0,H
975,1,H
975,2,H
975,3,H
975,4,H
975,5,H
975,6,H
975,7,H
975,8,H
975,9,H
975,10,H
975,11,H
975,12,H
975,13,H
975,14,H
975,15,H
975,16,H
975,17,H
975,18,H
975,19,H
975,20,H
975,21,H
975,22,H
975,23,H
975,24,O_1
975,25,O_1
975,26,O_1
975,27,O_1
975,28,O_1
975,29,O_1
975,30,O_2
975,31,F
976,0,H
976,1,O_1
976,2,O_1
976,3,O_1
976,4,O_1
976,5,O_2
976,6,O_2
976,7,F
977,0,H
977,1,H
977,2,H
977,3,O_1
977,4,O_1
977,5,O_1
977,6,O_2
977,7,O_2
977,8,O_2
977,9,O_2
977,10,O_2
977,11,O_2
977,12,O_2
977,13,O_2
977,14,O_2
977,15,O_2
977,16,F
978,0,H
978,1,H
978,2,H
978,3,H
978,4,H
978,5,H
978,6,H
978,7,H
978,8,H
978,9,H
978,10,H
978,11,H
978,12,H
978,13,H
978,14,H
978,15,H
978,16,H
978,17,H
978,18,H
978,19,H
978,20,H
978,21,H
978,22,H
978,23,H
978,24,H
978,25,B_1
978,26,B_1
978,27,B_2
978,28,B_2
978,29,F
979,0,H
979,1,H
979,2,H
979,3,H
979,4,H
979,5,H
979,6,H
979,7,H
979,8,H
979,9,H
979,10,O_1
979,11,O_1
979,12,O_1
979,13,O_1
979,14,O_1
979,15,O_1
979,16,O_1
979,17,O_2
979,18,F
980,0,H
980,1,H
980,2,H
980,3,H
980,4,H
980,5,H
980,6,H
980,7,H
980,8,H
980,9,H
980,10,H
980,11,H
980,12,H
980,13,H
980,14,H
980,15,H
980,16,H
980,17,H
980,18,H
980,19,H
980,20,H
980,21,H
980,22,H
980,23,H
980,24,H
980,25,H
980,26,O_1
980,27,O_1
980,28,O_1
980,29,O_1
980,30,O_1
980,31,O_1
980,32,O_1
980,33,O_1
980,34,O_1
980,35,O_1
980,36,O_1
980,37,O_1
980,38,O_1
980,39,O_1
980,40,O_1
980,41,O_1
980,42,O_1
980,43,O_1
980,44,O_1
980,45,O_1
980,46,O_1
980,47,O_1
980,48,O_1
980,49,O_2
980,50,O_2
980,51,O_2
980,52,O_2
980,53,O_2
980,54,O_2
980,55,O_2
980,56,F
981,0,H
981,1,H
981,2,H
981,3,H
981,4,H
981,5,H
981,6,H
981,7,H
981,8,H
981,9,H
981,10,O_1
981,11,O_1
981,12,O_1
981,13,O_1
981,14,O_1
981,15,O_1
981,16,O_2
981,17,F
982,0,H
982,1,H
982,2,H
982,3,H
982,4,H
982,5,H
982,6,H
982,7,H
982,8,H
982,9,H
982,10,H
982,11,H
982,12,H
982,13,H
982,14,H
982,15,H
982,16,H
982,17,H
982,18,H
982,19,O_1
982,20,O_1
982,21,O_1
982,22,O_1
982,23,O_1
982,24,O_1
982,25,O_1
982,26,O_1
982,27,O_2
982,28,O_2
982,29,O_2
982,30,O_2
982,31,O_2
982,32,O_2
982,33,O_2
982,34,O_2
982,35,O_2
982,36,O_2
982,37,O_2
982,38,O_2
982,39,O_2
982,40,F
983,0,H
983,1,H
983,2,H
983,3,H
983,4,H
983,5,H
983,6,H
983,7,B_1
983,8,B_1
983,9,B_1
983,10,B_1
983,11,B_1
983,12,B_1
983,13,B_1
983,14,B_2
983,15,F
984,0,H
984,1,H
984,2,H
984,3,H
984,4,H
984,5,H
984,6,H
984,7,H
984,8,H
984,9,H
984,10,H
984,11,H
984,12,H
984,13,H
984,14,H
984,15,H
984,16,H
984,17,H
984,18,H
984,19,H
984,20,H
984,21,H
984,22,H
984,23,H
984,24,H
984,25,H
984,26,H
984,27,H
984,28,H
984,29,H
984,30,H
984,31,I_1
984,32,I_1
984,33,I_1
984,34,I_1
984,35,I_1
984,36,I_2
984,37,I_2
984,38,I_2
984,39,I_2
984,40,I_2
984,41,F
985,0,H
985,1,H
985,2,H
985,3,I_1
985,4,I_1
985,5,I_1
985,6,I_2
985,7,I_2
985,8,I_2
985,9,I_2
985,10,I_2
985,11,I_2
985,12,F
986,0,H
986,1,H
986,2,H
986,3,H
986,4,H
986,5,H
986,6,H
986,7,H
986,8,O_1
986,9,O_2
986,10,O_2
986,11,F
987,0,H
987,1,H
987,2,H
987,3,H
987,4,H
987,5,H
987,6,H
987,7,O_1
987,8,O_1
987,9,O_1
987,10,O_1
987,11,O_1
987,12,O_1
987,13,O_1
987,14,O_1
987,15,O_1
987,16,O_1
987,17,O_1
987,18,O_1
987,19,O_1
987,20,O_1
987,21,O_1
987,22,O_1
987,23,O_1
987,24,O_1
987,25,O_2
987,26,O_2
987,27,O_2
987,28,O_2
987,29,O_2
987,30,O_2
987,31,O_2
987,32,O_2
987,33,O_2
987,34,O_2
987,35,O_2
987,36,O_2
987,37,O_2
987,38,O_2
987,39,O_2
987,40,O_2
987,41,O_2
987,42,O_2
987,43,F
988,0,H
988,1,H
988,2,H
988,3,H
988,4,H
988,5,H
988,6,H
988,7,H
988,8,H
988,9,H
988,10,O_1
988,11,O_1
988,12,O_1
988,13,O_2
988,14,O_2
988,15,O_2
988,16,O_2
988,17,O_2
988,18,O_2
988,19,O_2
988,20,O_2
988,21,O_2
988,22,O_2
988,23,O_2
988,24,O_2
988,25,O_2
988,26,F
989,0,H
989,1,H
989,2,H
989,3,H
989,4,H
989,5,H
989,6,H
989,7,H
989,8,H
989,9,H
989,10,H
989,11,H
989,12,H
989,13,H
989,14,H
989,15,H
989,16,H
989,17,H
989,18,H
989,19,H
989,20,H
989,21,H
989,22,H
989,23,H
989,24,H
989,25,H
989,26,H
989,27,H
989,28,B_1
989,29,B_1
989,30,B_1
989,31,B_2
989,32,F
990,0,H
990,1,H
990,2,H
990,3,H
990,4,H
990,5,H
990,6,H
990,7,I_1
990,8,I_1
990,9,I_1
990,10,I_1
990,11,I_1
990,12,I_1
990,13,I_2
990,14,I_2
990,15,I_2
990,16,F
991,0,H
991,1,H
991,2,H
991,3,H
991,4,H
991,5,H
991,6,H
991,7,H
991,8,H
991,9,H
991,10,H
991,11,H
991,12,H
991,13,H
991,14,H
991,15,H
991,16,H
991,17,H
991,18,H
991,19,H
991,20,H
991,21,H
991,22,H
991,23,H
991,24,H
991,25,H
991,26,H
991,27,H
991,28,H
991,29,H
991,30,H
991,31,H
991,32,H
991,33,O_1
991,34,O_1
991,35,O_1
991,36,O_1
991,37,O_1
991,38,O_1
991,39,O_1
991,40,O_2
991,41,O_2
991,42,O_2
991,43,O_2
991,44,F
992,0,H
992,1,I_1
992,2,I_1
992,3,I_1
992,4,I_2
992,5,I_2
992,6,F
993,0,H
993,1,H
993,2,H
993,3,H
993,4,H
993,5,H
993,6,H
993,7,H
993,8,H
993,9,H
993,10,O_1
993,11,O_2
993,12,O_2
993,13,O_2
993,14,O_2
993,15,O_2
993,16,O_2
993,17,O_2
993,18,O_2
993,19,O_2
993,20,O_2
993,21,O_2
993,22,O_2
993,23,O_2
993,24,O_2
993,25,O_2
993,26,O_2
993,27,O_2
993,28,O_2
993,29,O_2
993,30,O_2
993,31,O_2
993,32,O_2
993,33,O_2
993,34,O_2
993,35,O_2
993,36,O_2
993,37,O_2
993,38,O_2
993,39,O_2
993,40,F
994,0,H
994,1,H
994,2,H
994,3,H
994,4,H
994,5,H
994,6,H
994,7,I_1
994,8,I_1
994,9,I_1
994,10,I_1
994,11,I_1
994,12,I_1
994,13,I_1
994,14,I_1
994,15,I_1
994,16,I_1
994,17,I_2
994,18,I_2
994,19,I_2
994,20,I_2
994,21,I_2
994,22,I_2
994,23,I_2
994,24,F
995,0,H
995,1,H
995,2,H
995,3,O_1
995,4,O_1
995,5,O_1
995,6,O_1
995,7,O_1
995,8,O_2
995,9,F
996,0,H
996,1,H
996,2,H
996,3,H
996,4,H
996,5,H
996,6,H
996,7,H
996,8,H
996,9,H
996,10,H
996,11,H
996,12,H
996,13,H
996,14,H
996,15,H
996,16,H
996,17,H
996,18,H
996,19,H
996,20,H
996,21,H
996,22,H
996,23,H
996,24,H
996,25,H
996,26,H
996,27,H
996,28,H
996,29,H
996,30,H
996,31,H
996,32,H
996,33,H
996,34,H
996,35,H
996,36,H
996,37,O_1
996,38,O_1
996,39,O_1
996,40,O_1
996,41,O_1
996,42,O_1
996,43,O_1
996,44,O_1
996,45,O_1
996,46,O_1
996,47,O_1
996,48,O_1
996,49,O_1
996,50,O_1
996,51,O_1
996,52,O_2
996,53,O_2
996,54,O_2
996,55,O_2
996,56,O_2
996,57,O_2
996,58,O_2
996,59,O_2
996,60,O_2
996,61,F
997,0,H
997,1,H
997,2,H
997,3,H
997,4,H
997,5,H
997,6,H
997,7,H
997,8,H
997,9,H
997,10,H
997,11,H
997,12,H
997,13,H
997,14,H
997,15,B_1
997,16,B_1
997,17,B_1
997,18,B_1
997,19,B_1
997,20,B_2
997,21,B_2
997,22,B_2
997,23,F
998,0,H
998,1,H
998,2,H
998,3,H
998,4,H
998,5,H
998,6,H
998,7,H
998,8,H
998,9,I_1
998,10,I_1
998,11,I_1
998,12,I_1
998,13,I_1
998,14,I_1
998,15,I_1
998,16,I_1
998,17,I_1
998,18,I_1
998,19,I_1
998,20,I_1
998,21,I_1
998,22,I_1
998,23,I_1
998,24,I_1
998,25,I_1
998,26,I_1
998,27,I_1
998,28,I_1
998,29,I_2
998,30,I_2
998,31,I_2
998,32,I_2
998,33,I_2
998,34,I_2
998,35,I_2
998,36,I_2
998,37,I_2
998,38,I_2
998,39,I_2
998,40,F
999,0,H
999,1,H
999,2,H
999,3,H
999,4,H
999,5,H
999,6,H
999,7,H
999,8,H
999,9,H
999,10,H
999,11,H
999,12,H
999,13,H
999,14,H
999,15,H
999,16,H
999,17,H
999,18,H
999,19,H
999,20,H
999,21,H
999,22,H
999,23,H
999,24,H
999,25,H
999,26,O_1
999,27,O_1
999,28,O_1
999,29,O_1
999,30,O_1
999,31,O_1
999,32,O_1
999,33,O_1
999,34,O_1
999,35,O_1
999,36,O_1
999,37,O_2
999,38,O_2
999,39,O_2
999,40,F
1000,0,H
1000,1,I_1
1000,2,I_1
1000,3,I_2
1000,4,I_2
1000,5,I_2
1000,6,I_2
1000,7,I_2
1000,8,I_2
1000,9,F
